seed,branch,classification_inter_distance,classification_intra_distance,classification_margin,cosine_std,dimension,effective_rank,hubness_skew_k10,mean_cosine,neighborhood_preservation,participation_ratio,retrieval_margin,retrieval_negative_cosine,retrieval_positive_cosine,sample_size,sts_alignment,sts_mean_cosine,top10_eigenvalue_share,top_eigenvalue_share,uniformity
42,m0,0.9633151292800903,0.8775431513786316,0.08577197790145874,0.08652155846357346,384.0,203.61087036132812,1.6685527377486646,0.043051283806562424,1.0,134.13811289384162,0.20274612307548523,0.5355883836746216,0.7383344769477844,10000.0,0.27814561128616333,0.6500272750854492,0.18197417259216309,0.03008764423429966,-3.7631335258483887
42,control,0.9697549939155579,0.9191397428512573,0.05061525106430054,0.07116764038801193,384.0,243.77366638183594,1.3536203735432113,0.004600271582603455,0.40781000000000006,194.67989868436288,0.19911910593509674,0.4584994912147522,0.6576185822486877,10000.0,0.3442476987838745,0.6054954528808594,0.11374443024396896,0.014787857420742512,-3.9396111965179443
42,mix_s000_c000_r100,0.9653586149215698,0.8949868679046631,0.07037174701690674,0.08179078996181488,384.0,218.1953582763672,1.6197213052707178,0.034973274916410446,0.69217,152.4556326763351,0.26168638467788696,0.46445605158805847,0.7261423468589783,10000.0,0.31819841265678406,0.6257844567298889,0.16065263748168945,0.02480052039027214,-3.8031389713287354
42,mix_s000_c020_r080,0.6559855341911316,0.576666533946991,0.07931900024414062,0.09994998574256897,384.0,210.6114959716797,2.9037433629127984,0.1937914788722992,0.49363,135.1539412022874,0.24156515300273895,0.4893721342086792,0.7309373021125793,10000.0,0.2906736135482788,0.6619700193405151,0.18454255163669586,0.033494073897600174,-3.1432673931121826
42,mix_s000_c040_r060,0.3682931065559387,0.2522590458393097,0.11603406071662903,0.1293858140707016,384.0,168.1725311279297,4.5244433855083885,0.4609662592411041,0.31981,76.60231512438347,0.2106713205575943,0.5367228388786316,0.7473941445350647,10000.0,0.21055562794208527,0.7421430945396423,0.2673318386077881,0.06938989460468292,-2.0308845043182373
42,mix_s000_c060_r040,0.2860013544559479,0.1446337103843689,0.14136764407157898,0.12936554849147797,384.0,129.16494750976562,4.1220634731843,0.6002729535102844,0.25231,45.233325850670425,0.18332625925540924,0.5824670791625977,0.7657932639122009,10000.0,0.16245199739933014,0.7906606793403625,0.3467637300491333,0.1033748909831047,-1.4783283472061157
42,mix_s000_c080_r020,0.2711428105831146,0.10320595651865005,0.16793685406446457,0.11143410205841064,384.0,90.83806610107422,3.5089539576949065,0.6950873732566833,0.20221,25.10889930757679,0.14185811579227448,0.6396903395652771,0.7815485000610352,10000.0,0.12790460884571075,0.8307054042816162,0.4388425648212433,0.15409335494041443,-1.1304616928100586
42,mix_s000_c100_r000,0.23313458263874054,0.06715568900108337,0.16597889363765717,0.07712086290121078,384.0,46.475555419921875,2.62712236970043,0.8226518630981445,0.13291,11.036333701221134,0.029726186767220497,0.7557544112205505,0.7854806780815125,10000.0,0.07584649324417114,0.9015138149261475,0.5833333730697632,0.2553435266017914,-0.6659317016601562
42,mix_s020_c000_r080,0.9361979365348816,0.8601466417312622,0.07605129480361938,0.08643849939107895,384.0,211.17967224121094,1.5819808388689434,0.06345105171203613,0.67573,142.45393506214245,0.24697574973106384,0.47368866205215454,0.7206644415855408,10000.0,0.278059720993042,0.6660686135292053,0.17342522740364075,0.026863522827625275,-3.682758331298828
42,mix_s020_c020_r060,0.5046663880348206,0.4249318838119507,0.07973450422286987,0.10632064193487167,384.0,196.39212036132812,4.025965737579446,0.34138721227645874,0.4121199999999999,114.86749133100662,0.21434758603572845,0.5303617715835571,0.7447093725204468,10000.0,0.20853327214717865,0.7542948126792908,0.21147911250591278,0.042105477303266525,-2.5457873344421387
42,mix_s020_c040_r040,0.3362090289592743,0.21124710142612457,0.12496192753314972,0.11228073388338089,384.0,149.72410583496094,4.5651635785995195,0.5591766238212585,0.30716000000000004,60.46936921579223,0.17821769416332245,0.6052533388137817,0.7834709882736206,10000.0,0.13664399087429047,0.8356194496154785,0.3016763925552368,0.08371344208717346,-1.6701465845108032
42,mix_s020_c060_r020,0.2644926905632019,0.11976227909326553,0.14473041146993637,0.09372124820947647,384.0,106.6996841430664,3.950211893364489,0.7091959118843079,0.23603000000000002,31.90947855976628,0.130680114030838,0.6847161054611206,0.8153961300849915,10000.0,0.08929706364870071,0.8913819789886475,0.3956161141395569,0.13297352194786072,-1.0992074012756348
42,mix_s020_c080_r000,0.25549399852752686,0.08410392701625824,0.17139007151126862,0.06890235096216202,384.0,60.2370491027832,2.884643494605913,0.8144993782043457,0.17142000000000002,14.248237758186514,0.03185778111219406,0.8038619756698608,0.8357198238372803,10000.0,0.05738665908575058,0.928287923336029,0.5265986919403076,0.2197134643793106,-0.7068221569061279
42,mix_s040_c000_r060,0.8595917224884033,0.7783342599868774,0.08125746250152588,0.09434707462787628,384.0,201.9832000732422,1.8358056774295317,0.12981157004833221,0.61129,130.05731085510644,0.23136676847934723,0.49360573291778564,0.7249725461006165,10000.0,0.24235239624977112,0.7074410915374756,0.18980075418949127,0.029898595064878464,-3.406360626220703
42,mix_s040_c020_r040,0.4101997911930084,0.32595983147621155,0.08423995971679688,0.10227985680103302,384.0,177.07464599609375,4.392709646052532,0.47785547375679016,0.38456999999999997,93.32021091288426,0.1815756857395172,0.6001408696174622,0.7817165851593018,10000.0,0.14797241985797882,0.8193880915641785,0.24415826797485352,0.05260205641388893,-2.009178638458252
42,mix_s040_c040_r020,0.2948471009731293,0.16402608156204224,0.13082101941108704,0.08735624700784683,384.0,129.5667724609375,4.383990901194323,0.6736181378364563,0.28820999999999997,45.2268992513332,0.12829774618148804,0.6978740096092224,0.826171875,10000.0,0.09251725673675537,0.8840444087982178,0.3396841883659363,0.10532542318105698,-1.2489447593688965
42,mix_s040_c060_r000,0.25321388244628906,0.10660771280527115,0.1466061696410179,0.06277672946453094,384.0,90.7496566772461,3.8468284317546435,0.7905554175376892,0.21539,23.906423890657,0.03851320594549179,0.8021848797798157,0.8406980633735657,10000.0,0.06083619222044945,0.9188390374183655,0.4289371371269226,0.16246630251407623,-0.8081027865409851
42,mix_s060_c000_r040,0.6914418339729309,0.6177749037742615,0.07366693019866943,0.10369084775447845,384.0,187.51486206054688,2.8248048710288467,0.29314371943473816,0.49712,112.46819885637271,0.19907042384147644,0.5585758686065674,0.7576463222503662,10000.0,0.18390893936157227,0.7734441161155701,0.21576526761054993,0.03412005305290222,-2.741217613220215
42,mix_s060_c020_r020,0.3197672963142395,0.23286008834838867,0.08690720796585083,0.08317675441503525,384.0,159.13169860839844,4.813898251971192,0.6204527616500854,0.35158,72.57655883949677,0.13462363183498383,0.6899445652961731,0.8245682716369629,10000.0,0.102993443608284,0.8694286942481995,0.2768472135066986,0.07167591899633408,-1.4664088487625122
42,mix_s060_c040_r000,0.2865411043167114,0.14608846604824066,0.14045263826847076,0.06376651674509048,384.0,113.69355010986328,4.097480516671174,0.7463076710700989,0.25821000000000005,34.63522991670115,0.04657197371125221,0.7877329587936401,0.8343049883842468,10000.0,0.06964265555143356,0.9048904180526733,0.3695228099822998,0.12825126945972443,-0.9838985204696655
42,mix_s080_c000_r020,0.4948485791683197,0.4371095299720764,0.057739049196243286,0.0946367010474205,384.0,175.14657592773438,3.3474645154830025,0.495108425617218,0.41844,99.76662099206746,0.15514250099658966,0.6452100872993469,0.8003526329994202,10000.0,0.12485576421022415,0.8420313596725464,0.2373412847518921,0.03710439056158066,-1.9512513875961304
42,mix_s080_c020_r000,0.3154776990413666,0.2077285647392273,0.10774913430213928,0.06300564110279083,384.0,146.305419921875,4.747609250005925,0.6892873644828796,0.3176,58.568901736928815,0.06444618105888367,0.753332793712616,0.817779004573822,10000.0,0.08283934742212296,0.8867958188056946,0.296741247177124,0.08907833695411682,-1.212477445602417
42,mix_s100_c000_r000,0.35514959692955017,0.31458815932273865,0.04056143760681152,0.06743498891592026,384.0,176.18296813964844,4.631610360193598,0.6286984086036682,0.36983999999999995,102.73876252096515,0.09214533865451813,0.7404483556747437,0.8325936794281006,10000.0,0.0938994288444519,0.8731406331062317,0.2296592742204666,0.0377810113132,-1.450381875038147
42,mix_s033_c033_r033,0.3242788016796112,0.21109949052333832,0.11317931115627289,0.1000622883439064,384.0,151.92529296875,4.45487499689363,0.593104898929596,0.31566,62.90970918522587,0.16164357960224152,0.6355130076408386,0.7971566319465637,10000.0,0.11936651170253754,0.8537360429763794,0.2942308783531189,0.08253882080316544,-1.5534656047821045
43,m0,0.9634212255477905,0.8773184418678284,0.08610278367996216,0.0864267647266388,384.0,203.61087036132812,1.6685527377486646,0.042331937700510025,1.0,134.13811289384162,0.20274612307548523,0.5355883836746216,0.7383344769477844,10000.0,0.27814561128616333,0.6500272750854492,0.18197417259216309,0.03008764423429966,-3.7660415172576904
43,control,0.9678900837898254,0.9155855774879456,0.05230450630187988,0.07234141230583191,384.0,238.95664978027344,1.4055645212992083,0.0058204918168485165,0.46016,188.01507232911484,0.19988246262073517,0.46979209780693054,0.6696745753288269,10000.0,0.3219398856163025,0.6142219305038452,0.11824367940425873,0.016430385410785675,-3.9331111907958984
43,mix_s000_c000_r100,0.9643163084983826,0.8944680094718933,0.06984829902648926,0.08146791905164719,384.0,218.78439331054688,1.5900458638681627,0.034365855157375336,0.67504,153.21280177887985,0.26188552379608154,0.46134644746780396,0.7232320308685303,10000.0,0.31999415159225464,0.6254208087921143,0.1599823385477066,0.024429811164736748,-3.8058857917785645
43,mix_s000_c020_r080,0.6498511433601379,0.5664549469947815,0.08339619636535645,0.10048335045576096,384.0,209.9990692138672,2.997527416118563,0.19475790858268738,0.48627,134.05582552638785,0.24010370671749115,0.48971429467201233,0.7298180460929871,10000.0,0.2889156937599182,0.6640415787696838,0.18522748351097107,0.03398692607879639,-3.138345956802368
43,mix_s000_c040_r060,0.36263278126716614,0.23673133552074432,0.12590144574642181,0.14016826450824738,384.0,164.1704864501953,4.666348243942327,0.4421705901622772,0.31145,72.88414920699884,0.21838615834712982,0.5309886336326599,0.7493748068809509,10000.0,0.21465863287448883,0.7381686568260193,0.2752460837364197,0.07127349078655243,-2.0830423831939697
43,mix_s000_c060_r040,0.2903701066970825,0.14250388741493225,0.14786621928215027,0.13661128282546997,384.0,126.49343872070312,4.2097971005982755,0.5840499401092529,0.25338,43.51168913900453,0.18845833837985992,0.5811048150062561,0.7695631384849548,10000.0,0.16319207847118378,0.7900328040122986,0.3533511459827423,0.1062573492527008,-1.529693603515625
43,mix_s000_c080_r020,0.274384081363678,0.10631842911243439,0.1680656522512436,0.11540687829256058,384.0,95.78993225097656,3.747200850653525,0.6804068684577942,0.2129,27.315066593696965,0.14021985232830048,0.6502585411071777,0.7904783487319946,10000.0,0.12541185319423676,0.8320620059967041,0.42643579840660095,0.1462024599313736,-1.182665467262268
43,mix_s000_c100_r000,0.24114827811717987,0.06822337210178375,0.17292490601539612,0.08117754012346268,384.0,45.6357536315918,2.592605350855527,0.8144426345825195,0.13348,10.867359481426643,0.031499870121479034,0.7481428980827332,0.7796428203582764,10000.0,0.07853415608406067,0.8973978757858276,0.5865235924720764,0.25963863730430603,-0.6943861842155457
43,mix_s020_c000_r080,0.9387720823287964,0.8611076474189758,0.07766443490982056,0.0866275429725647,384.0,210.7067108154297,1.6458210934819293,0.05944475531578064,0.69052,141.74071964242793,0.2503332495689392,0.475683331489563,0.7260165810585022,10000.0,0.2788785696029663,0.6639028191566467,0.17389632761478424,0.027176788076758385,-3.698140859603882
43,mix_s020_c020_r060,0.5234530568122864,0.4280824065208435,0.09537065029144287,0.11252501606941223,384.0,190.8960418701172,3.9085160906216503,0.3234257698059082,0.42826000000000003,107.39482195548393,0.21829915046691895,0.535436749458313,0.7537359595298767,10000.0,0.20682813227176666,0.7552747130393982,0.22113335132598877,0.045747656375169754,-2.606428623199463
43,mix_s020_c040_r040,0.3357515335083008,0.20559313893318176,0.13015839457511902,0.11612361669540405,384.0,148.85072326660156,4.545934840834802,0.5562276840209961,0.30861,59.502024827673075,0.18131496012210846,0.6054115295410156,0.7867264747619629,10000.0,0.1340826451778412,0.8374307155609131,0.3032999038696289,0.08509211242198944,-1.6756014823913574
43,mix_s020_c060_r020,0.27982473373413086,0.1277899295091629,0.15203480422496796,0.0971590131521225,384.0,107.54730224609375,3.990873175659143,0.6942439079284668,0.24931999999999999,31.78116547515257,0.1287892609834671,0.6925046443939209,0.821293830871582,10000.0,0.08866193890571594,0.8892379999160767,0.39343076944351196,0.13532839715480804,-1.1541075706481934
43,mix_s020_c080_r000,0.25845518708229065,0.0853453129529953,0.17310987412929535,0.0693768560886383,384.0,60.90370178222656,2.8611280134375003,0.8139786124229431,0.17209000000000002,14.205475566591684,0.03376006707549095,0.7980183959007263,0.8317784667015076,10000.0,0.05766521766781807,0.9281230568885803,0.5240312814712524,0.2247253954410553,-0.7085375785827637
43,mix_s040_c000_r060,0.8413095474243164,0.7602426409721375,0.08106690645217896,0.09662461280822754,384.0,200.17462158203125,2.127245506465267,0.14406567811965942,0.6038399999999999,127.46312505205061,0.22847522795200348,0.5037561058998108,0.7322313189506531,10000.0,0.2299797385931015,0.7190999388694763,0.1933487206697464,0.030322439968585968,-3.345580577850342
43,mix_s040_c020_r040,0.4078698456287384,0.31594088673591614,0.09192895889282227,0.10454709082841873,384.0,172.78204345703125,4.36812478179829,0.4821268320083618,0.38838,88.35803695629451,0.1815110146999359,0.6075975894927979,0.7891086339950562,10000.0,0.1412273645401001,0.8274094462394714,0.25228428840637207,0.05558488145470619,-1.9887096881866455
43,mix_s040_c040_r020,0.289774626493454,0.1612144410610199,0.12856018543243408,0.08702342957258224,384.0,128.5595703125,4.21253122511776,0.6788983345031738,0.30216000000000004,44.88684526262367,0.1234770119190216,0.7143946290016174,0.8378716111183167,10000.0,0.08593276143074036,0.8898985981941223,0.34233373403549194,0.10582676529884338,-1.2283841371536255
43,mix_s040_c060_r000,0.2646947205066681,0.10758137702941895,0.15711334347724915,0.06560244411230087,384.0,89.76628875732422,3.6862724476230984,0.7863447070121765,0.21228999999999995,23.06873808002006,0.04095972701907158,0.8002833724021912,0.8412431478500366,10000.0,0.06151433289051056,0.9180744886398315,0.43342453241348267,0.16805805265903473,-0.8224548101425171
43,mix_s060_c000_r040,0.6643598079681396,0.591927707195282,0.07243210077285767,0.10241013765335083,384.0,186.96702575683594,2.9702100183858,0.3127582371234894,0.5021899999999999,112.34057054363933,0.19637756049633026,0.5642589926719666,0.760636568069458,10000.0,0.17454780638217926,0.784151554107666,0.21544191241264343,0.034257933497428894,-2.6651248931884766
43,mix_s060_c020_r020,0.3421836197376251,0.2463512271642685,0.09583239257335663,0.08544657379388809,384.0,157.28623962402344,4.811687680676204,0.601982593536377,0.3814,72.59429790513849,0.1364523321390152,0.6953822374343872,0.8318345546722412,10000.0,0.10043996572494507,0.8685228228569031,0.2784762680530548,0.0688210129737854,-1.5370118618011475
43,mix_s060_c040_r000,0.2682964503765106,0.13897840678691864,0.12931804358959198,0.06349239498376846,384.0,118.48868560791016,4.609156831284664,0.7476351857185364,0.2538,36.7666240330549,0.049729183316230774,0.7841669917106628,0.8338962197303772,10000.0,0.07137022167444229,0.9030847549438477,0.3580905497074127,0.1258767694234848,-0.9789358377456665
43,mix_s080_c000_r020,0.4991414248943329,0.439767986536026,0.059373438358306885,0.09461130946874619,384.0,175.8620147705078,3.9184373782573862,0.49388226866722107,0.45050999999999997,100.88191519332993,0.15368269383907318,0.6536871790885925,0.8073698282241821,10000.0,0.11930718272924423,0.846448540687561,0.23498322069644928,0.03723369911313057,-1.9560422897338867
43,mix_s080_c020_r000,0.29912516474723816,0.20116804540157318,0.09795711934566498,0.0637173056602478,384.0,144.37367248535156,5.052660830033445,0.6930593848228455,0.32725,59.393373188428164,0.06749109923839569,0.7644705772399902,0.8319616317749023,10000.0,0.07949520647525787,0.8914453983306885,0.3003937900066376,0.0856289193034172,-1.1967047452926636
43,mix_s100_c000_r000,0.35832783579826355,0.31673792004585266,0.04158991575241089,0.06557978689670563,384.0,174.90280151367188,4.832074433954818,0.6360307931900024,0.38583999999999996,102.76168619552321,0.0909421294927597,0.7453330755233765,0.8362751603126526,10000.0,0.09181084483861923,0.8751571774482727,0.22855699062347412,0.037986595183610916,-1.4228613376617432
43,mix_s033_c033_r033,0.32827630639076233,0.20686787366867065,0.12140843272209167,0.10463739186525345,384.0,146.7904510498047,4.426090953508165,0.5882430672645569,0.314,59.21715837508436,0.16410772502422333,0.6411789059638977,0.8052866458892822,10000.0,0.11501028388738632,0.858389139175415,0.3047204315662384,0.08555930852890015,-1.566022515296936
44,m0,0.9630271792411804,0.8755060434341431,0.08752113580703735,0.08612614125013351,384.0,203.61087036132812,1.6685527377486646,0.0422806441783905,1.0,134.13811289384162,0.20274612307548523,0.5355883836746216,0.7383344769477844,10000.0,0.27814561128616333,0.6500272750854492,0.18197417259216309,0.03008764423429966,-3.76702880859375
44,control,0.9748920202255249,0.9130433797836304,0.06184864044189453,0.07366940379142761,384.0,234.11154174804688,1.4258580539947376,0.004614162724465132,0.59836,179.46561012045052,0.20444217324256897,0.5023394823074341,0.7067816257476807,10000.0,0.31088483333587646,0.6239269375801086,0.12904928624629974,0.017847096547484398,-3.9360969066619873
44,mix_s000_c000_r100,0.9651297330856323,0.8949153423309326,0.07021439075469971,0.08125055581331253,384.0,218.49072265625,1.5842462653504161,0.034929174929857254,0.6603699999999999,153.06850369399146,0.2619462311267853,0.4605242908000946,0.7224705219268799,10000.0,0.3219205439090729,0.6245738863945007,0.16019703447818756,0.024182291701436043,-3.804227590560913
44,mix_s000_c020_r080,0.6351995468139648,0.5503093004226685,0.08489024639129639,0.10348138213157654,384.0,208.52745056152344,3.133086067708648,0.20306183397769928,0.47676999999999997,130.55837772054124,0.2414616197347641,0.4919096529483795,0.7333711981773376,10000.0,0.28792521357536316,0.6655203700065613,0.18954719603061676,0.03648488596081734,-3.100587844848633
44,mix_s000_c040_r060,0.37231409549713135,0.2519278824329376,0.12038621306419373,0.13436299562454224,384.0,168.49473571777344,4.4729301469915566,0.43587741255760193,0.31714,76.28992820506497,0.21626366674900055,0.5288427472114563,0.7451065182685852,10000.0,0.2151162028312683,0.737691342830658,0.26744386553764343,0.0699998289346695,-2.120676040649414
44,mix_s000_c060_r040,0.28760865330696106,0.1487247496843338,0.13888390362262726,0.13298851251602173,384.0,133.9747314453125,4.2172634618582485,0.5814424753189087,0.2548,47.96327883020247,0.18948504328727722,0.5767068266868591,0.766191840171814,10000.0,0.16858911514282227,0.7849082350730896,0.3381235897541046,0.09836849570274353,-1.5471707582473755
44,mix_s000_c080_r020,0.2672577500343323,0.10390327870845795,0.16335447132587433,0.11672711372375488,384.0,97.7218017578125,3.618484843288609,0.677725076675415,0.211,27.916230034938568,0.14976978302001953,0.6314796209335327,0.7812494039535522,10000.0,0.13005021214485168,0.8273614048957825,0.42173975706100464,0.14406631886959076,-1.191648244857788
44,mix_s000_c100_r000,0.23975874483585358,0.06895919889211655,0.17079954594373703,0.0780082419514656,384.0,48.26582336425781,2.590575048347335,0.8175753951072693,0.1339,11.373761631664518,0.03105890192091465,0.7541110515594482,0.7851698994636536,10000.0,0.07723003625869751,0.899452269077301,0.5757876038551331,0.2522623836994171,-0.6853739023208618
44,mix_s020_c000_r080,0.9279060363769531,0.8448352217674255,0.08307081460952759,0.08864922821521759,384.0,207.5805206298828,1.6339704115346732,0.06950516998767853,0.69627,137.6871573268502,0.2480028122663498,0.4775511920452118,0.7255539894104004,10000.0,0.26813632249832153,0.6753262281417847,0.1792653352022171,0.027841733768582344,-3.655190944671631
44,mix_s020_c020_r060,0.5362444519996643,0.4439484775066376,0.09229597449302673,0.11011292040348053,384.0,193.76588439941406,3.5333513248702832,0.30552345514297485,0.44985,111.42458522349578,0.21916525065898895,0.5247093439102173,0.7438745498657227,10000.0,0.20732122659683228,0.7514941692352295,0.21490636467933655,0.04387499392032623,-2.682016134262085
44,mix_s020_c040_r040,0.33290165662765503,0.20951412618160248,0.12338753044605255,0.11530216038227081,384.0,150.96548461914062,4.267785703793912,0.5505044460296631,0.31193000000000004,61.77902951778945,0.18309924006462097,0.5982390642166138,0.7813383340835571,10000.0,0.1339828372001648,0.8358922600746155,0.2988458275794983,0.08254716545343399,-1.6997895240783691
44,mix_s020_c060_r020,0.2690243124961853,0.12755945324897766,0.14146485924720764,0.09803763777017593,384.0,111.35924530029297,3.9332716626439788,0.6915218830108643,0.2511,34.398953467552346,0.13808591663837433,0.674622118473053,0.8127080202102661,10000.0,0.08891883492469788,0.8909263014793396,0.38520753383636475,0.12665291130542755,-1.1642816066741943
44,mix_s020_c080_r000,0.24882976710796356,0.08270353078842163,0.16612623631954193,0.06968425214290619,384.0,60.61811447143555,2.888031940207268,0.8118926286697388,0.17351000000000003,14.191602272897278,0.03200019896030426,0.8026124835014343,0.8346127271652222,10000.0,0.055315762758255005,0.9301322102546692,0.525162398815155,0.2225894331932068,-0.7165595889091492
44,mix_s040_c000_r060,0.8454601168632507,0.7623278498649597,0.08313226699829102,0.09638011455535889,384.0,200.81985473632812,1.8087785462138468,0.13739705085754395,0.6123,128.53179746044233,0.23138558864593506,0.5000248551368713,0.7314103841781616,10000.0,0.23428457975387573,0.7137253880500793,0.19216972589492798,0.02977011352777481,-3.3729279041290283
44,mix_s040_c020_r040,0.41816380620002747,0.3288052976131439,0.08935850858688354,0.10579193383455276,384.0,177.01698303222656,4.161996729210798,0.4643857479095459,0.40003999999999995,91.9617203744201,0.18645082414150238,0.5946352481842041,0.7810860276222229,10000.0,0.14649568498134613,0.8189985752105713,0.24463573098182678,0.05458600074052811,-2.0576422214508057
44,mix_s040_c040_r020,0.2885696589946747,0.16465415060520172,0.12391550838947296,0.08934708684682846,384.0,129.91481018066406,4.433890303661401,0.6686237454414368,0.29694,45.008711639521486,0.13390988111495972,0.6888695955276489,0.8227794170379639,10000.0,0.09060834348201752,0.8852090835571289,0.33942732214927673,0.10741347819566727,-1.2667362689971924
44,mix_s040_c060_r000,0.25421881675720215,0.10670159012079239,0.14751722663640976,0.06327444314956665,384.0,88.71566009521484,3.6272271826997837,0.787227213382721,0.21984,23.009532734849085,0.03963959217071533,0.8042410016059875,0.8438806533813477,10000.0,0.06032339483499527,0.9200046062469482,0.4349253177642822,0.16717353463172913,-0.8209594488143921
44,mix_s060_c000_r040,0.686444878578186,0.6102436184883118,0.07620126008987427,0.10528715699911118,384.0,189.1676788330078,2.654621282047525,0.289941668510437,0.5086799999999999,114.28843378166825,0.20221439003944397,0.5563697814941406,0.7585841417312622,10000.0,0.17771336436271667,0.7789579629898071,0.2133408635854721,0.03304944932460785,-2.751791000366211
44,mix_s060_c020_r020,0.33358532190322876,0.24789144098758698,0.08569388091564178,0.08670791983604431,384.0,161.78973388671875,4.129267401764414,0.597711980342865,0.37229,76.43641688533864,0.14366376399993896,0.6744313836097717,0.8180952072143555,10000.0,0.10504843294620514,0.8663305640220642,0.271427720785141,0.0664835199713707,-1.5530425310134888
44,mix_s060_c040_r000,0.28053924441337585,0.14555886387825012,0.13498038053512573,0.06391428411006927,384.0,114.450439453125,3.9183817891646946,0.7433793544769287,0.26211999999999996,34.891734981808014,0.049510035663843155,0.7822460532188416,0.8317561745643616,10000.0,0.07026556134223938,0.9039923548698425,0.3669463098049164,0.12848570942878723,-0.9954339265823364
44,mix_s080_c000_r020,0.5004832148551941,0.43678590655326843,0.06369730830192566,0.09591897577047348,384.0,174.90286254882812,3.458996984788302,0.48940524458885193,0.44393,99.4170182420288,0.157708078622818,0.6446281671524048,0.8023362159729004,10000.0,0.1222851350903511,0.8443155884742737,0.23822148144245148,0.0378824882209301,-1.9722970724105835
44,mix_s080_c020_r000,0.29690852761268616,0.19220173358917236,0.1047067940235138,0.06340858340263367,384.0,141.457275390625,4.392443017539345,0.6997362375259399,0.30983,55.61411670323411,0.06290581822395325,0.7662311792373657,0.8291369676589966,10000.0,0.078508161008358,0.8919113278388977,0.30487680435180664,0.0919494479894638,-1.1703929901123047
44,mix_s100_c000_r000,0.36102357506752014,0.31633883714675903,0.04468473792076111,0.0690595731139183,384.0,172.8487091064453,4.51127156387884,0.6299241781234741,0.3786,99.16307623453267,0.09042895585298538,0.744274377822876,0.8347033858299255,10000.0,0.09151829034090042,0.876188337802887,0.23626212775707245,0.038633134216070175,-1.4440438747406006
44,mix_s033_c033_r033,0.3317183554172516,0.21695992350578308,0.1147584319114685,0.10555847734212875,384.0,154.29930114746094,4.300559547342619,0.5705996751785278,0.32743,64.52625887706742,0.1698252558708191,0.6244373917579651,0.794262707233429,10000.0,0.12203008681535721,0.8481854796409607,0.2903069257736206,0.08145494759082794,-1.635256052017212
