suite,model,seed,branch,task,score,delta_vs_m0
full,raw_minilm,42,control,Banking77Classification,0.601851,0.028928999999999983
full,raw_minilm,42,control,RedditClustering.v2,0.312639,-0.017425999999999997
full,raw_minilm,42,control,TwentyNewsgroupsClustering.v2,0.204202,-0.008851999999999999
full,raw_minilm,42,control,STSBenchmark,0.644838,0.0011670000000000291
full,raw_minilm,42,control,EmotionClassification,0.3507,0.01830000000000004
full,raw_minilm,42,control,SciFact,0.11566,0.016259999999999997
full,raw_minilm,42,control,BIOSSES,0.570146,0.02405500000000005
full,raw_minilm,42,control,NFCorpus,0.04361,0.003710000000000005
full,raw_minilm,42,control,STS14,0.556151,0.007716999999999974
full,raw_minilm,42,control,AmazonCounterfactualClassification,0.70309325,0.026499749999999933
full,raw_minilm,42,control,ArguAna,0.25376,0.025209999999999982
full,raw_minilm,42,control,STS13,0.628661,-0.0019049999999999345
full,raw_minilm,42,control,STS12,0.461803,0.004080000000000028
full,raw_minilm,42,control,FiQA2018,0.011,0.000619999999999999
full,raw_minilm,42,control,SICK-R,0.65875,0.009537999999999935
full,raw_minilm,42,control,MassiveIntentClassification,0.5324725,0.010992000000000002
full,raw_minilm,42,control,AGNewsClassification,0.8640789473684211,-0.002105263157894721
full,raw_minilm,42,control,MSMARCORerankingGate,0.6179098716854329,0.07689101338604365
full,raw_minilm,42,control,STSBenchmark.clean_exact,0.6627228205129964,0.005118324184763101
full,raw_minilm,42,control,SICK-R.clean_exact,0.656487358771459,0.010083260785551218
full,raw_minilm,42,control,STS12.clean_exact,0.46114835766345735,0.004127697481925041
full,raw_minilm,42,control,STS13.clean_exact,0.6209715355034306,-0.005852461602675052
full,raw_minilm,42,control,STS14.clean_exact,0.5679269088953693,0.004939488373754797
full,raw_minilm,42,m0,Banking77Classification,0.572922,0.0
full,raw_minilm,42,m0,RedditClustering.v2,0.330065,0.0
full,raw_minilm,42,m0,TwentyNewsgroupsClustering.v2,0.213054,0.0
full,raw_minilm,42,m0,STSBenchmark,0.643671,0.0
full,raw_minilm,42,m0,EmotionClassification,0.3324,0.0
full,raw_minilm,42,m0,SciFact,0.0994,0.0
full,raw_minilm,42,m0,BIOSSES,0.546091,0.0
full,raw_minilm,42,m0,NFCorpus,0.0399,0.0
full,raw_minilm,42,m0,STS14,0.548434,0.0
full,raw_minilm,42,m0,AmazonCounterfactualClassification,0.6765935000000001,0.0
full,raw_minilm,42,m0,ArguAna,0.22855,0.0
full,raw_minilm,42,m0,STS13,0.630566,0.0
full,raw_minilm,42,m0,STS12,0.457723,0.0
full,raw_minilm,42,m0,FiQA2018,0.01038,0.0
full,raw_minilm,42,m0,SICK-R,0.649212,0.0
full,raw_minilm,42,m0,MassiveIntentClassification,0.5214805,0.0
full,raw_minilm,42,m0,AGNewsClassification,0.8661842105263158,0.0
full,raw_minilm,42,m0,MSMARCORerankingGate,0.5410188582993892,0.0
full,raw_minilm,42,m0,STSBenchmark.clean_exact,0.6576044963282333,0.0
full,raw_minilm,42,m0,SICK-R.clean_exact,0.6464040979859078,0.0
full,raw_minilm,42,m0,STS12.clean_exact,0.4570206601815323,0.0
full,raw_minilm,42,m0,STS13.clean_exact,0.6268239971061057,0.0
full,raw_minilm,42,m0,STS14.clean_exact,0.5629874205216145,0.0
full,raw_minilm,42,sts,Banking77Classification,0.592078,0.01915599999999995
full,raw_minilm,42,sts,RedditClustering.v2,0.371831,0.041766000000000025
full,raw_minilm,42,sts,TwentyNewsgroupsClustering.v2,0.270479,0.05742500000000003
full,raw_minilm,42,sts,STSBenchmark,0.804624,0.160953
full,raw_minilm,42,sts,EmotionClassification,0.3696,0.03720000000000001
full,raw_minilm,42,sts,SciFact,0.14041,0.041010000000000005
full,raw_minilm,42,sts,BIOSSES,0.582977,0.036885999999999974
full,raw_minilm,42,sts,NFCorpus,0.03742,-0.002479999999999996
full,raw_minilm,42,sts,STS14,0.723649,0.175215
full,raw_minilm,42,sts,AmazonCounterfactualClassification,0.67777025,0.0011767499999999487
full,raw_minilm,42,sts,ArguAna,0.33387,0.10532
full,raw_minilm,42,sts,STS13,0.766935,0.13636900000000007
full,raw_minilm,42,sts,STS12,0.673065,0.21534200000000003
full,raw_minilm,42,sts,FiQA2018,0.01286,0.0024799999999999996
full,raw_minilm,42,sts,SICK-R,0.706595,0.05738299999999996
full,raw_minilm,42,sts,MassiveIntentClassification,0.4889205,-0.03256000000000003
full,raw_minilm,42,sts,AGNewsClassification,0.8582894736842105,-0.007894736842105288
full,raw_minilm,42,sts,MSMARCORerankingGate,0.5983177250817874,0.05729886678239815
full,raw_minilm,42,sts,STSBenchmark.clean_exact,0.7919720374135634,0.1343675410853301
full,raw_minilm,42,sts,SICK-R.clean_exact,0.6889104196929824,0.04250632170707458
full,raw_minilm,42,sts,STS12.clean_exact,0.6724439992483273,0.215423339066795
full,raw_minilm,42,sts,STS13.clean_exact,0.7302643965143576,0.10344039940825189
full,raw_minilm,42,sts,STS14.clean_exact,0.7187058560116174,0.15571843549000286
full,raw_minilm,42,retrieval,Banking77Classification,0.657987,0.08506499999999995
full,raw_minilm,42,retrieval,RedditClustering.v2,0.411307,0.08124199999999998
full,raw_minilm,42,retrieval,TwentyNewsgroupsClustering.v2,0.282031,0.06897699999999998
full,raw_minilm,42,retrieval,STSBenchmark,0.711247,0.06757599999999997
full,raw_minilm,42,retrieval,EmotionClassification,0.3768,0.04440000000000005
full,raw_minilm,42,retrieval,SciFact,0.31831,0.21891
full,raw_minilm,42,retrieval,BIOSSES,0.684485,0.13839400000000002
full,raw_minilm,42,retrieval,NFCorpus,0.15368,0.11378000000000002
full,raw_minilm,42,retrieval,STS14,0.642701,0.09426699999999999
full,raw_minilm,42,retrieval,AmazonCounterfactualClassification,0.64255475,-0.03403875000000012
full,raw_minilm,42,retrieval,ArguAna,0.38294,0.15439
full,raw_minilm,42,retrieval,STS13,0.74327,0.11270400000000003
full,raw_minilm,42,retrieval,STS12,0.583367,0.12564399999999998
full,raw_minilm,42,retrieval,FiQA2018,0.12061,0.11023
full,raw_minilm,42,retrieval,SICK-R,0.686307,0.03709499999999999
full,raw_minilm,42,retrieval,MassiveIntentClassification,0.556967,0.035486499999999976
full,raw_minilm,42,retrieval,AGNewsClassification,0.8578947368421053,-0.008289473684210513
full,raw_minilm,42,retrieval,MSMARCORerankingGate,0.9601545459583334,0.41913568765894416
full,raw_minilm,42,retrieval,STSBenchmark.clean_exact,0.7066821068777281,0.04907761054949489
full,raw_minilm,42,retrieval,SICK-R.clean_exact,0.6713100826601374,0.024905984674229553
full,raw_minilm,42,retrieval,STS12.clean_exact,0.5826344946767043,0.12561383449517194
full,raw_minilm,42,retrieval,STS13.clean_exact,0.7591774609100161,0.13235346380391044
full,raw_minilm,42,retrieval,STS14.clean_exact,0.6553105595489966,0.0923231390273821
full,raw_minilm,42,classification,Banking77Classification,0.233994,-0.338928
full,raw_minilm,42,classification,RedditClustering.v2,0.306942,-0.023123000000000005
full,raw_minilm,42,classification,TwentyNewsgroupsClustering.v2,0.256486,0.043432
full,raw_minilm,42,classification,STSBenchmark,0.529349,-0.11432200000000003
full,raw_minilm,42,classification,EmotionClassification,0.23925,-0.09314999999999998
full,raw_minilm,42,classification,SciFact,0.04594,-0.05346
full,raw_minilm,42,classification,BIOSSES,0.274398,-0.271693
full,raw_minilm,42,classification,NFCorpus,0.02152,-0.018379999999999997
full,raw_minilm,42,classification,STS14,0.441807,-0.10662699999999997
full,raw_minilm,42,classification,AmazonCounterfactualClassification,0.5863895,-0.09020400000000006
full,raw_minilm,42,classification,ArguAna,0.15686,-0.07169
full,raw_minilm,42,classification,STS13,0.515819,-0.11474699999999993
full,raw_minilm,42,classification,STS12,0.449995,-0.007728000000000013
full,raw_minilm,42,classification,FiQA2018,0.00222,-0.00816
full,raw_minilm,42,classification,SICK-R,0.566956,-0.082256
full,raw_minilm,42,classification,MassiveIntentClassification,0.247109,-0.2743715
full,raw_minilm,42,classification,AGNewsClassification,0.8932894736842105,0.027105263157894743
full,raw_minilm,42,classification,MSMARCORerankingGate,0.4197580220792869,-0.12126083622010231
full,raw_minilm,42,classification,STSBenchmark.clean_exact,0.5015244942811972,-0.1560800020470361
full,raw_minilm,42,classification,SICK-R.clean_exact,0.5639744262232008,-0.08242967176270699
full,raw_minilm,42,classification,STS12.clean_exact,0.4491723011567547,-0.007848359024777596
full,raw_minilm,42,classification,STS13.clean_exact,0.5146320455121868,-0.11219195159391893
full,raw_minilm,42,classification,STS14.clean_exact,0.46484095612702103,-0.09814646439459351
full,raw_minilm,43,control,Banking77Classification,0.591851,0.02590900000000007
full,raw_minilm,43,control,RedditClustering.v2,0.322201,-0.008272000000000002
full,raw_minilm,43,control,TwentyNewsgroupsClustering.v2,0.201139,-0.024118
full,raw_minilm,43,control,STSBenchmark,0.640271,0.00375100000000006
full,raw_minilm,43,control,EmotionClassification,0.3415,0.01200000000000001
full,raw_minilm,43,control,SciFact,0.11075,0.019850000000000007
full,raw_minilm,43,control,BIOSSES,0.557097,0.05584499999999992
full,raw_minilm,43,control,NFCorpus,0.04514,0.003799999999999998
full,raw_minilm,43,control,STS14,0.553571,0.01569200000000004
full,raw_minilm,43,control,AmazonCounterfactualClassification,0.69960775,0.019563750000000102
full,raw_minilm,43,control,ArguAna,0.2367,0.012729999999999991
full,raw_minilm,43,control,STS13,0.633317,0.009751000000000065
full,raw_minilm,43,control,STS12,0.467268,0.013678999999999997
full,raw_minilm,43,control,FiQA2018,0.01144,0.00345
full,raw_minilm,43,control,SICK-R,0.655327,0.005879999999999996
full,raw_minilm,43,control,MassiveIntentClassification,0.530582,0.009263000000000021
full,raw_minilm,43,control,AGNewsClassification,0.8589473684210527,-0.005131578947368376
full,raw_minilm,43,control,MSMARCORerankingGate,0.6190534708075816,0.06932641911469228
full,raw_minilm,43,control,STSBenchmark.clean_exact,0.6594962251131653,0.007842130275637293
full,raw_minilm,43,control,SICK-R.clean_exact,0.6533943507688529,0.007860393255361253
full,raw_minilm,43,control,STS12.clean_exact,0.46660571932329614,0.013688318496898999
full,raw_minilm,43,control,STS13.clean_exact,0.6223923945135712,0.002776258726092995
full,raw_minilm,43,control,STS14.clean_exact,0.5664719819046611,0.012243592561724692
full,raw_minilm,43,m0,Banking77Classification,0.565942,0.0
full,raw_minilm,43,m0,RedditClustering.v2,0.330473,0.0
full,raw_minilm,43,m0,TwentyNewsgroupsClustering.v2,0.225257,0.0
full,raw_minilm,43,m0,STSBenchmark,0.63652,0.0
full,raw_minilm,43,m0,EmotionClassification,0.3295,0.0
full,raw_minilm,43,m0,SciFact,0.0909,0.0
full,raw_minilm,43,m0,BIOSSES,0.501252,0.0
full,raw_minilm,43,m0,NFCorpus,0.04134,0.0
full,raw_minilm,43,m0,STS14,0.537879,0.0
full,raw_minilm,43,m0,AmazonCounterfactualClassification,0.6800439999999999,0.0
full,raw_minilm,43,m0,ArguAna,0.22397,0.0
full,raw_minilm,43,m0,STS13,0.623566,0.0
full,raw_minilm,43,m0,STS12,0.453589,0.0
full,raw_minilm,43,m0,FiQA2018,0.00799,0.0
full,raw_minilm,43,m0,SICK-R,0.649447,0.0
full,raw_minilm,43,m0,MassiveIntentClassification,0.521319,0.0
full,raw_minilm,43,m0,AGNewsClassification,0.8640789473684211,0.0
full,raw_minilm,43,m0,MSMARCORerankingGate,0.5497270516928893,0.0
full,raw_minilm,43,m0,STSBenchmark.clean_exact,0.651654094837528,0.0
full,raw_minilm,43,m0,SICK-R.clean_exact,0.6455339575134916,0.0
full,raw_minilm,43,m0,STS12.clean_exact,0.45291740082639714,0.0
full,raw_minilm,43,m0,STS13.clean_exact,0.6196161357874782,0.0
full,raw_minilm,43,m0,STS14.clean_exact,0.5542283893429364,0.0
full,raw_minilm,43,sts,Banking77Classification,0.586948,0.02100600000000008
full,raw_minilm,43,sts,RedditClustering.v2,0.369072,0.038598999999999994
full,raw_minilm,43,sts,TwentyNewsgroupsClustering.v2,0.264825,0.039567999999999964
full,raw_minilm,43,sts,STSBenchmark,0.805605,0.16908500000000004
full,raw_minilm,43,sts,EmotionClassification,0.36625,0.036750000000000005
full,raw_minilm,43,sts,SciFact,0.11981,0.028910000000000005
full,raw_minilm,43,sts,BIOSSES,0.579483,0.07823099999999994
full,raw_minilm,43,sts,NFCorpus,0.03467,-0.006670000000000002
full,raw_minilm,43,sts,STS14,0.725569,0.18769000000000002
full,raw_minilm,43,sts,AmazonCounterfactualClassification,0.67235,-0.007693999999999868
full,raw_minilm,43,sts,ArguAna,0.3358,0.11182999999999998
full,raw_minilm,43,sts,STS13,0.773745,0.15017900000000006
full,raw_minilm,43,sts,STS12,0.680455,0.226866
full,raw_minilm,43,sts,FiQA2018,0.01296,0.004969999999999999
full,raw_minilm,43,sts,SICK-R,0.705421,0.05597399999999997
full,raw_minilm,43,sts,MassiveIntentClassification,0.4925395,-0.028779499999999958
full,raw_minilm,43,sts,AGNewsClassification,0.8539473684210527,-0.01013157894736838
full,raw_minilm,43,sts,MSMARCORerankingGate,0.5830152657390416,0.03328821404615234
full,raw_minilm,43,sts,STSBenchmark.clean_exact,0.7930914607694514,0.14143736593192335
full,raw_minilm,43,sts,SICK-R.clean_exact,0.6881626159335591,0.04262865842006747
full,raw_minilm,43,sts,STS12.clean_exact,0.6798517169963524,0.22693431616995524
full,raw_minilm,43,sts,STS13.clean_exact,0.7405502736114343,0.12093413782395612
full,raw_minilm,43,sts,STS14.clean_exact,0.7224400288859446,0.16821163954300822
full,raw_minilm,43,retrieval,Banking77Classification,0.654935,0.0889930000000001
full,raw_minilm,43,retrieval,RedditClustering.v2,0.421265,0.09079199999999998
full,raw_minilm,43,retrieval,TwentyNewsgroupsClustering.v2,0.289967,0.06470999999999996
full,raw_minilm,43,retrieval,STSBenchmark,0.706428,0.06990799999999997
full,raw_minilm,43,retrieval,EmotionClassification,0.3621,0.03259999999999996
full,raw_minilm,43,retrieval,SciFact,0.28046,0.18956
full,raw_minilm,43,retrieval,BIOSSES,0.663618,0.162366
full,raw_minilm,43,retrieval,NFCorpus,0.14769,0.10634999999999999
full,raw_minilm,43,retrieval,STS14,0.642201,0.10432200000000003
full,raw_minilm,43,retrieval,AmazonCounterfactualClassification,0.6450475,-0.034996499999999875
full,raw_minilm,43,retrieval,ArguAna,0.37789,0.15392
full,raw_minilm,43,retrieval,STS13,0.741767,0.118201
full,raw_minilm,43,retrieval,STS12,0.579184,0.125595
full,raw_minilm,43,retrieval,FiQA2018,0.12167,0.11368
full,raw_minilm,43,retrieval,SICK-R,0.685841,0.03639400000000004
full,raw_minilm,43,retrieval,MassiveIntentClassification,0.557862,0.03654299999999999
full,raw_minilm,43,retrieval,AGNewsClassification,0.8548684210526316,-0.009210526315789447
full,raw_minilm,43,retrieval,MSMARCORerankingGate,0.9546041480954441,0.40487709640255487
full,raw_minilm,43,retrieval,STSBenchmark.clean_exact,0.7022929927958232,0.05063889795829524
full,raw_minilm,43,retrieval,SICK-R.clean_exact,0.6692253828394062,0.023691425325914617
full,raw_minilm,43,retrieval,STS12.clean_exact,0.5784159952407286,0.12549859441433148
full,raw_minilm,43,retrieval,STS13.clean_exact,0.7560832745357722,0.13646713874829397
full,raw_minilm,43,retrieval,STS14.clean_exact,0.6548489580557822,0.10062056871284586
full,raw_minilm,43,classification,Banking77Classification,0.226688,-0.33925399999999994
full,raw_minilm,43,classification,RedditClustering.v2,0.313913,-0.01656000000000002
full,raw_minilm,43,classification,TwentyNewsgroupsClustering.v2,0.266667,0.041409999999999975
full,raw_minilm,43,classification,STSBenchmark,0.539253,-0.09726699999999999
full,raw_minilm,43,classification,EmotionClassification,0.2342,-0.09530000000000002
full,raw_minilm,43,classification,SciFact,0.04234,-0.04855999999999999
full,raw_minilm,43,classification,BIOSSES,0.311838,-0.18941400000000003
full,raw_minilm,43,classification,NFCorpus,0.02177,-0.01957
full,raw_minilm,43,classification,STS14,0.442326,-0.095553
full,raw_minilm,43,classification,AmazonCounterfactualClassification,0.57748025,-0.10256374999999984
full,raw_minilm,43,classification,ArguAna,0.16234,-0.06162999999999999
full,raw_minilm,43,classification,STS13,0.527955,-0.095611
full,raw_minilm,43,classification,STS12,0.45526,0.001670999999999978
full,raw_minilm,43,classification,FiQA2018,0.00146,-0.006530000000000001
full,raw_minilm,43,classification,SICK-R,0.574019,-0.07542800000000005
full,raw_minilm,43,classification,MassiveIntentClassification,0.2576,-0.263719
full,raw_minilm,43,classification,AGNewsClassification,0.8972368421052631,0.03315789473684205
full,raw_minilm,43,classification,MSMARCORerankingGate,0.3818502734973513,-0.16787677819553798
full,raw_minilm,43,classification,STSBenchmark.clean_exact,0.5134779876677786,-0.13817610716974937
full,raw_minilm,43,classification,SICK-R.clean_exact,0.5678516108234456,-0.07768234669004603
full,raw_minilm,43,classification,STS12.clean_exact,0.45438541103919344,0.0014680102127963002
full,raw_minilm,43,classification,STS13.clean_exact,0.5314210180912615,-0.08819511769621668
full,raw_minilm,43,classification,STS14.clean_exact,0.4683596539589727,-0.08586873538396367
full,raw_minilm,44,control,Banking77Classification,0.593084,0.02844099999999994
full,raw_minilm,44,control,RedditClustering.v2,0.318227,-0.009582000000000035
full,raw_minilm,44,control,TwentyNewsgroupsClustering.v2,0.195416,-0.020705
full,raw_minilm,44,control,STSBenchmark,0.63641,0.005249999999999977
full,raw_minilm,44,control,EmotionClassification,0.3352,0.007550000000000001
full,raw_minilm,44,control,SciFact,0.13145,0.041560000000000014
full,raw_minilm,44,control,BIOSSES,0.553464,0.038945999999999925
full,raw_minilm,44,control,NFCorpus,0.04157,0.002480000000000003
full,raw_minilm,44,control,STS14,0.550535,0.014615000000000045
full,raw_minilm,44,control,AmazonCounterfactualClassification,0.6968337499999999,0.01793424999999993
full,raw_minilm,44,control,ArguAna,0.25049,0.03714999999999999
full,raw_minilm,44,control,STS13,0.625906,0.004046999999999912
full,raw_minilm,44,control,STS12,0.472188,0.02302399999999999
full,raw_minilm,44,control,FiQA2018,0.01112,0.002919999999999999
full,raw_minilm,44,control,SICK-R,0.663807,0.01715600000000006
full,raw_minilm,44,control,MassiveIntentClassification,0.526643,0.01002499999999995
full,raw_minilm,44,control,AGNewsClassification,0.8627631578947368,-0.0013157894736842701
full,raw_minilm,44,control,MSMARCORerankingGate,0.6169132377165419,0.09464659264519337
full,raw_minilm,44,control,STSBenchmark.clean_exact,0.6502481887436772,0.006267525270930219
full,raw_minilm,44,control,SICK-R.clean_exact,0.6604638890556361,0.01647030398841931
full,raw_minilm,44,control,STS12.clean_exact,0.471538974188322,0.022962049672799356
full,raw_minilm,44,control,STS13.clean_exact,0.6159550308662709,0.0011765649975039594
full,raw_minilm,44,control,STS14.clean_exact,0.562341316503151,0.01204497736999699
full,raw_minilm,44,m0,Banking77Classification,0.564643,0.0
full,raw_minilm,44,m0,RedditClustering.v2,0.327809,0.0
full,raw_minilm,44,m0,TwentyNewsgroupsClustering.v2,0.216121,0.0
full,raw_minilm,44,m0,STSBenchmark,0.63116,0.0
full,raw_minilm,44,m0,EmotionClassification,0.32765,0.0
full,raw_minilm,44,m0,SciFact,0.08989,0.0
full,raw_minilm,44,m0,BIOSSES,0.514518,0.0
full,raw_minilm,44,m0,NFCorpus,0.03909,0.0
full,raw_minilm,44,m0,STS14,0.53592,0.0
full,raw_minilm,44,m0,AmazonCounterfactualClassification,0.6788995,0.0
full,raw_minilm,44,m0,ArguAna,0.21334,0.0
full,raw_minilm,44,m0,STS13,0.621859,0.0
full,raw_minilm,44,m0,STS12,0.449164,0.0
full,raw_minilm,44,m0,FiQA2018,0.0082,0.0
full,raw_minilm,44,m0,SICK-R,0.646651,0.0
full,raw_minilm,44,m0,MassiveIntentClassification,0.516618,0.0
full,raw_minilm,44,m0,AGNewsClassification,0.8640789473684211,0.0
full,raw_minilm,44,m0,MSMARCORerankingGate,0.5222666450713486,0.0
full,raw_minilm,44,m0,STSBenchmark.clean_exact,0.643980663472747,0.0
full,raw_minilm,44,m0,SICK-R.clean_exact,0.6439935850672168,0.0
full,raw_minilm,44,m0,STS12.clean_exact,0.44857692451552267,0.0
full,raw_minilm,44,m0,STS13.clean_exact,0.6147784658687669,0.0
full,raw_minilm,44,m0,STS14.clean_exact,0.550296339133154,0.0
full,raw_minilm,44,sts,Banking77Classification,0.58263,0.017986999999999975
full,raw_minilm,44,sts,RedditClustering.v2,0.361408,0.03359899999999999
full,raw_minilm,44,sts,TwentyNewsgroupsClustering.v2,0.268201,0.052080000000000015
full,raw_minilm,44,sts,STSBenchmark,0.800637,0.169477
full,raw_minilm,44,sts,EmotionClassification,0.3586,0.030949999999999978
full,raw_minilm,44,sts,SciFact,0.11379,0.023900000000000005
full,raw_minilm,44,sts,BIOSSES,0.580049,0.065531
full,raw_minilm,44,sts,NFCorpus,0.03574,-0.003349999999999999
full,raw_minilm,44,sts,STS14,0.720756,0.184836
full,raw_minilm,44,sts,AmazonCounterfactualClassification,0.67638925,-0.002510249999999936
full,raw_minilm,44,sts,ArguAna,0.33332,0.11998
full,raw_minilm,44,sts,STS13,0.760413,0.13855399999999995
full,raw_minilm,44,sts,STS12,0.678572,0.22940799999999995
full,raw_minilm,44,sts,FiQA2018,0.01195,0.00375
full,raw_minilm,44,sts,SICK-R,0.700188,0.05353700000000006
full,raw_minilm,44,sts,MassiveIntentClassification,0.492987,-0.023631000000000013
full,raw_minilm,44,sts,AGNewsClassification,0.8569736842105263,-0.007105263157894726
full,raw_minilm,44,sts,MSMARCORerankingGate,0.5818214253745366,0.05955478030318806
full,raw_minilm,44,sts,STSBenchmark.clean_exact,0.7871159565646576,0.14313529309191064
full,raw_minilm,44,sts,SICK-R.clean_exact,0.6841581554144196,0.04016457034720278
full,raw_minilm,44,sts,STS12.clean_exact,0.6779406869100352,0.2293637623945125
full,raw_minilm,44,sts,STS13.clean_exact,0.7232207809084038,0.10844231503963686
full,raw_minilm,44,sts,STS14.clean_exact,0.7159136875746803,0.1656173484415263
full,raw_minilm,44,retrieval,Banking77Classification,0.65974,0.09509699999999999
full,raw_minilm,44,retrieval,RedditClustering.v2,0.415044,0.08723500000000001
full,raw_minilm,44,retrieval,TwentyNewsgroupsClustering.v2,0.285933,0.06981199999999999
full,raw_minilm,44,retrieval,STSBenchmark,0.705964,0.07480399999999998
full,raw_minilm,44,retrieval,EmotionClassification,0.361,0.03334999999999999
full,raw_minilm,44,retrieval,SciFact,0.29594,0.20604999999999998
full,raw_minilm,44,retrieval,BIOSSES,0.675943,0.16142499999999993
full,raw_minilm,44,retrieval,NFCorpus,0.14349,0.1044
full,raw_minilm,44,retrieval,STS14,0.638263,0.10234300000000007
full,raw_minilm,44,retrieval,AmazonCounterfactualClassification,0.64293925,-0.03596025000000003
full,raw_minilm,44,retrieval,ArguAna,0.38373,0.17039
full,raw_minilm,44,retrieval,STS13,0.740659,0.1187999999999999
full,raw_minilm,44,retrieval,STS12,0.574696,0.12553199999999998
full,raw_minilm,44,retrieval,FiQA2018,0.12323,0.11503000000000001
full,raw_minilm,44,retrieval,SICK-R,0.687529,0.04087799999999997
full,raw_minilm,44,retrieval,MassiveIntentClassification,0.5588474999999999,0.04222949999999992
full,raw_minilm,44,retrieval,AGNewsClassification,0.8548684210526316,-0.009210526315789447
full,raw_minilm,44,retrieval,MSMARCORerankingGate,0.9575141011840066,0.435247456112658
full,raw_minilm,44,retrieval,STSBenchmark.clean_exact,0.7015918364858845,0.05761117301313756
full,raw_minilm,44,retrieval,SICK-R.clean_exact,0.6724642324916504,0.028470647424433615
full,raw_minilm,44,retrieval,STS12.clean_exact,0.5739347538122719,0.1253578292967492
full,raw_minilm,44,retrieval,STS13.clean_exact,0.7569121744270687,0.14213370855830176
full,raw_minilm,44,retrieval,STS14.clean_exact,0.6499217286353303,0.09962538950217625
full,raw_minilm,44,classification,Banking77Classification,0.233636,-0.331007
full,raw_minilm,44,classification,RedditClustering.v2,0.311636,-0.016172999999999993
full,raw_minilm,44,classification,TwentyNewsgroupsClustering.v2,0.262138,0.046016999999999975
full,raw_minilm,44,classification,STSBenchmark,0.545752,-0.08540800000000004
full,raw_minilm,44,classification,EmotionClassification,0.23645,-0.0912
full,raw_minilm,44,classification,SciFact,0.0461,-0.043789999999999996
full,raw_minilm,44,classification,BIOSSES,0.320857,-0.19366100000000003
full,raw_minilm,44,classification,NFCorpus,0.01936,-0.01973
full,raw_minilm,44,classification,STS14,0.44771,-0.08820999999999996
full,raw_minilm,44,classification,AmazonCounterfactualClassification,0.5778797499999999,-0.10101975000000007
full,raw_minilm,44,classification,ArguAna,0.16474,-0.048600000000000004
full,raw_minilm,44,classification,STS13,0.527575,-0.09428400000000003
full,raw_minilm,44,classification,STS12,0.462207,0.013042999999999971
full,raw_minilm,44,classification,FiQA2018,0.00288,-0.00532
full,raw_minilm,44,classification,SICK-R,0.576972,-0.06967899999999994
full,raw_minilm,44,classification,MassiveIntentClassification,0.2530985,-0.2635195
full,raw_minilm,44,classification,AGNewsClassification,0.8947368421052632,0.030657894736842106
full,raw_minilm,44,classification,MSMARCORerankingGate,0.38940740519081735,-0.13285923988053122
full,raw_minilm,44,classification,STSBenchmark.clean_exact,0.5204047939157931,-0.12357586955695388
full,raw_minilm,44,classification,SICK-R.clean_exact,0.5736661634290585,-0.0703274216381583
full,raw_minilm,44,classification,STS12.clean_exact,0.46138090518725566,0.012803980671732995
full,raw_minilm,44,classification,STS13.clean_exact,0.531058737828609,-0.08371972804015793
full,raw_minilm,44,classification,STS14.clean_exact,0.47096656488337557,-0.07932977424977844
full,all_minilm,42,control,Banking77Classification,0.807013,0.0065910000000000135
full,all_minilm,42,control,RedditClustering.v2,0.452686,-0.06009900000000007
full,all_minilm,42,control,TwentyNewsgroupsClustering.v2,0.429213,-0.02360000000000001
full,all_minilm,42,control,STSBenchmark,0.832762,0.012437000000000031
full,all_minilm,42,control,EmotionClassification,0.4253,0.017000000000000015
full,all_minilm,42,control,SciFact,0.61433,-0.009529999999999927
full,all_minilm,42,control,BIOSSES,0.851989,0.03558499999999998
full,all_minilm,42,control,NFCorpus,0.31698,0.0024500000000000077
full,all_minilm,42,control,STS14,0.771766,0.015874999999999972
full,all_minilm,42,control,AmazonCounterfactualClassification,0.6744569999999999,0.03904399999999986
full,all_minilm,42,control,ArguAna,0.47827,-0.009370000000000045
full,all_minilm,42,control,STS13,0.81878,0.012747999999999982
full,all_minilm,42,control,STS12,0.733777,0.010086999999999957
full,all_minilm,42,control,FiQA2018,0.3606,-0.005659999999999998
full,all_minilm,42,control,SICK-R,0.763493,-0.01233200000000001
full,all_minilm,42,control,MassiveIntentClassification,0.6712944999999999,-0.0030845000000001566
full,all_minilm,42,control,AGNewsClassification,0.8532894736842105,-0.01539473684210535
full,all_minilm,42,control,MSMARCORerankingGate,0.982522768664287,-0.001345351232142744
full,all_minilm,42,control,STSBenchmark.clean_exact,0.8190694003214911,0.01600665720931027
full,all_minilm,42,control,SICK-R.clean_exact,0.7448610626617961,-0.012960229225944864
full,all_minilm,42,control,STS12.clean_exact,0.7332500019224378,0.010082854933405438
full,all_minilm,42,control,STS13.clean_exact,0.8097388077782207,0.009264458892506489
full,all_minilm,42,control,STS14.clean_exact,0.7721335431534321,0.01296112639006508
full,all_minilm,42,m0,Banking77Classification,0.800422,0.0
full,all_minilm,42,m0,RedditClustering.v2,0.512785,0.0
full,all_minilm,42,m0,TwentyNewsgroupsClustering.v2,0.452813,0.0
full,all_minilm,42,m0,STSBenchmark,0.820325,0.0
full,all_minilm,42,m0,EmotionClassification,0.4083,0.0
full,all_minilm,42,m0,SciFact,0.62386,0.0
full,all_minilm,42,m0,BIOSSES,0.816404,0.0
full,all_minilm,42,m0,NFCorpus,0.31453,0.0
full,all_minilm,42,m0,STS14,0.755891,0.0
full,all_minilm,42,m0,AmazonCounterfactualClassification,0.635413,0.0
full,all_minilm,42,m0,ArguAna,0.48764,0.0
full,all_minilm,42,m0,STS13,0.806032,0.0
full,all_minilm,42,m0,STS12,0.72369,0.0
full,all_minilm,42,m0,FiQA2018,0.36626,0.0
full,all_minilm,42,m0,SICK-R,0.775825,0.0
full,all_minilm,42,m0,MassiveIntentClassification,0.6743790000000001,0.0
full,all_minilm,42,m0,AGNewsClassification,0.8686842105263158,0.0
full,all_minilm,42,m0,MSMARCORerankingGate,0.9838681198964297,0.0
full,all_minilm,42,m0,STSBenchmark.clean_exact,0.8030627431121808,0.0
full,all_minilm,42,m0,SICK-R.clean_exact,0.7578212918877409,0.0
full,all_minilm,42,m0,STS12.clean_exact,0.7231671469890324,0.0
full,all_minilm,42,m0,STS13.clean_exact,0.8004743488857142,0.0
full,all_minilm,42,m0,STS14.clean_exact,0.759172416763367,0.0
full,all_minilm,42,sts,Banking77Classification,0.749188,-0.051234
full,all_minilm,42,sts,RedditClustering.v2,0.457186,-0.055599000000000065
full,all_minilm,42,sts,TwentyNewsgroupsClustering.v2,0.424218,-0.028595000000000037
full,all_minilm,42,sts,STSBenchmark,0.852355,0.03203
full,all_minilm,42,sts,EmotionClassification,0.4106,0.0023000000000000242
full,all_minilm,42,sts,SciFact,0.59154,-0.032320000000000015
full,all_minilm,42,sts,BIOSSES,0.782632,-0.033772000000000024
full,all_minilm,42,sts,NFCorpus,0.27111,-0.04341999999999996
full,all_minilm,42,sts,STS14,0.80764,0.051749000000000045
full,all_minilm,42,sts,AmazonCounterfactualClassification,0.680507,0.04509399999999997
full,all_minilm,42,sts,ArguAna,0.5034,0.01575999999999994
full,all_minilm,42,sts,STS13,0.823425,0.017392999999999992
full,all_minilm,42,sts,STS12,0.760277,0.036586999999999925
full,all_minilm,42,sts,FiQA2018,0.27685,-0.08940999999999999
full,all_minilm,42,sts,SICK-R,0.779543,0.003717999999999999
full,all_minilm,42,sts,MassiveIntentClassification,0.654828,-0.019551000000000096
full,all_minilm,42,sts,AGNewsClassification,0.8702631578947368,0.0015789473684210131
full,all_minilm,42,sts,MSMARCORerankingGate,0.9795464876785728,-0.004321632217856974
full,all_minilm,42,sts,STSBenchmark.clean_exact,0.8342722144750172,0.03120947136283636
full,all_minilm,42,sts,SICK-R.clean_exact,0.7590149233007515,0.001193631413010543
full,all_minilm,42,sts,STS12.clean_exact,0.7598301968626492,0.03666304987361679
full,all_minilm,42,sts,STS13.clean_exact,0.7909643803429081,-0.009509968542806169
full,all_minilm,42,sts,STS14.clean_exact,0.7998539657079223,0.040681548944555335
full,all_minilm,42,retrieval,Banking77Classification,0.807532,0.007110000000000061
full,all_minilm,42,retrieval,RedditClustering.v2,0.458683,-0.05410200000000004
full,all_minilm,42,retrieval,TwentyNewsgroupsClustering.v2,0.426968,-0.025845000000000007
full,all_minilm,42,retrieval,STSBenchmark,0.822578,0.0022530000000000605
full,all_minilm,42,retrieval,EmotionClassification,0.4183,0.010000000000000009
full,all_minilm,42,retrieval,SciFact,0.61275,-0.011109999999999953
full,all_minilm,42,retrieval,BIOSSES,0.823904,0.007499999999999951
full,all_minilm,42,retrieval,NFCorpus,0.30439,-0.010139999999999982
full,all_minilm,42,retrieval,STS14,0.760608,0.004716999999999971
full,all_minilm,42,retrieval,AmazonCounterfactualClassification,0.6502395,0.014826499999999965
full,all_minilm,42,retrieval,ArguAna,0.4875,-0.000140000000000029
full,all_minilm,42,retrieval,STS13,0.799405,-0.0066269999999999385
full,all_minilm,42,retrieval,STS12,0.723589,-0.00010100000000001774
full,all_minilm,42,retrieval,FiQA2018,0.36853,0.0022700000000000498
full,all_minilm,42,retrieval,SICK-R,0.773205,-0.0026199999999999557
full,all_minilm,42,retrieval,MassiveIntentClassification,0.6746695,0.00029049999999997134
full,all_minilm,42,retrieval,AGNewsClassification,0.8625,-0.006184210526315792
full,all_minilm,42,retrieval,MSMARCORerankingGate,0.9935948760571434,0.009726756160713612
full,all_minilm,42,retrieval,STSBenchmark.clean_exact,0.8079182842863614,0.004855541174180522
full,all_minilm,42,retrieval,SICK-R.clean_exact,0.7550311232443008,-0.002790168643440172
full,all_minilm,42,retrieval,STS12.clean_exact,0.7230287391812665,-0.00013840780776586126
full,all_minilm,42,retrieval,STS13.clean_exact,0.7849565568361643,-0.01551779204954995
full,all_minilm,42,retrieval,STS14.clean_exact,0.7603093721117488,0.001136955348381763
full,all_minilm,42,classification,Banking77Classification,0.654351,-0.14607099999999995
full,all_minilm,42,classification,RedditClustering.v2,0.382087,-0.13069800000000004
full,all_minilm,42,classification,TwentyNewsgroupsClustering.v2,0.401807,-0.051005999999999996
full,all_minilm,42,classification,STSBenchmark,0.650024,-0.17030099999999992
full,all_minilm,42,classification,EmotionClassification,0.2995,-0.10880000000000001
full,all_minilm,42,classification,SciFact,0.33053,-0.29333
full,all_minilm,42,classification,BIOSSES,0.514614,-0.30179
full,all_minilm,42,classification,NFCorpus,0.12201,-0.19251999999999997
full,all_minilm,42,classification,STS14,0.570349,-0.18554199999999998
full,all_minilm,42,classification,AmazonCounterfactualClassification,0.6638739999999999,0.028460999999999848
full,all_minilm,42,classification,ArguAna,0.20612,-0.28152
full,all_minilm,42,classification,STS13,0.613483,-0.19254899999999997
full,all_minilm,42,classification,STS12,0.565683,-0.158007
full,all_minilm,42,classification,FiQA2018,0.14,-0.22625999999999996
full,all_minilm,42,classification,SICK-R,0.656679,-0.11914599999999997
full,all_minilm,42,classification,MassiveIntentClassification,0.581564,-0.09281500000000009
full,all_minilm,42,classification,AGNewsClassification,0.8918421052631579,0.023157894736842044
full,all_minilm,42,classification,MSMARCORerankingGate,0.8486362850927085,-0.13523183480372125
full,all_minilm,42,classification,STSBenchmark.clean_exact,0.6147882239807897,-0.18827451913139115
full,all_minilm,42,classification,SICK-R.clean_exact,0.6540512663498906,-0.10377002553785031
full,all_minilm,42,classification,STS12.clean_exact,0.5648310688020811,-0.15833607818695128
full,all_minilm,42,classification,STS13.clean_exact,0.6058957725480396,-0.1945785763376746
full,all_minilm,42,classification,STS14.clean_exact,0.5882852416661832,-0.17088717509718376
full,all_minilm,43,control,Banking77Classification,0.806916,0.006494
full,all_minilm,43,control,RedditClustering.v2,0.454976,-0.057809000000000055
full,all_minilm,43,control,TwentyNewsgroupsClustering.v2,0.429244,-0.023569000000000007
full,all_minilm,43,control,STSBenchmark,0.832507,0.012182000000000026
full,all_minilm,43,control,EmotionClassification,0.4251,0.01679999999999998
full,all_minilm,43,control,SciFact,0.62113,-0.00273000000000001
full,all_minilm,43,control,BIOSSES,0.84464,0.028235999999999928
full,all_minilm,43,control,NFCorpus,0.31589,0.0013600000000000279
full,all_minilm,43,control,STS14,0.772814,0.01692300000000002
full,all_minilm,43,control,AmazonCounterfactualClassification,0.668151,0.032738000000000045
full,all_minilm,43,control,ArguAna,0.45798,-0.02966000000000002
full,all_minilm,43,control,STS13,0.820698,0.014666000000000068
full,all_minilm,43,control,STS12,0.735708,0.012017999999999973
full,all_minilm,43,control,FiQA2018,0.35881,-0.007449999999999957
full,all_minilm,43,control,SICK-R,0.76781,-0.008014999999999994
full,all_minilm,43,control,MassiveIntentClassification,0.67243,-0.0019490000000000895
full,all_minilm,43,control,AGNewsClassification,0.8553947368421052,-0.013289473684210629
full,all_minilm,43,control,MSMARCORerankingGate,0.9811299794035726,-0.0017144214785713707
full,all_minilm,43,control,STSBenchmark.clean_exact,0.8185476137431439,0.015484870630963044
full,all_minilm,43,control,SICK-R.clean_exact,0.7490537938467114,-0.008767498041029498
full,all_minilm,43,control,STS12.clean_exact,0.7351802781083748,0.012013131119342435
full,all_minilm,43,control,STS13.clean_exact,0.8117619958178779,0.011287646932163664
full,all_minilm,43,control,STS14.clean_exact,0.7728497567352209,0.013677339971853941
full,all_minilm,43,m0,Banking77Classification,0.800422,0.0
full,all_minilm,43,m0,RedditClustering.v2,0.512785,0.0
full,all_minilm,43,m0,TwentyNewsgroupsClustering.v2,0.452813,0.0
full,all_minilm,43,m0,STSBenchmark,0.820325,0.0
full,all_minilm,43,m0,EmotionClassification,0.4083,0.0
full,all_minilm,43,m0,SciFact,0.62386,0.0
full,all_minilm,43,m0,BIOSSES,0.816404,0.0
full,all_minilm,43,m0,NFCorpus,0.31453,0.0
full,all_minilm,43,m0,STS14,0.755891,0.0
full,all_minilm,43,m0,AmazonCounterfactualClassification,0.635413,0.0
full,all_minilm,43,m0,ArguAna,0.48764,0.0
full,all_minilm,43,m0,STS13,0.806032,0.0
full,all_minilm,43,m0,STS12,0.72369,0.0
full,all_minilm,43,m0,FiQA2018,0.36626,0.0
full,all_minilm,43,m0,SICK-R,0.775825,0.0
full,all_minilm,43,m0,MassiveIntentClassification,0.6743790000000001,0.0
full,all_minilm,43,m0,AGNewsClassification,0.8686842105263158,0.0
full,all_minilm,43,m0,MSMARCORerankingGate,0.982844400882144,0.0
full,all_minilm,43,m0,STSBenchmark.clean_exact,0.8030627431121808,0.0
full,all_minilm,43,m0,SICK-R.clean_exact,0.7578212918877409,0.0
full,all_minilm,43,m0,STS12.clean_exact,0.7231671469890324,0.0
full,all_minilm,43,m0,STS13.clean_exact,0.8004743488857142,0.0
full,all_minilm,43,m0,STS14.clean_exact,0.759172416763367,0.0
full,all_minilm,43,sts,Banking77Classification,0.748799,-0.051622999999999974
full,all_minilm,43,sts,RedditClustering.v2,0.449193,-0.06359200000000004
full,all_minilm,43,sts,TwentyNewsgroupsClustering.v2,0.416965,-0.035848000000000046
full,all_minilm,43,sts,STSBenchmark,0.852655,0.03233000000000008
full,all_minilm,43,sts,EmotionClassification,0.41275,0.0044500000000000095
full,all_minilm,43,sts,SciFact,0.58667,-0.037189999999999945
full,all_minilm,43,sts,BIOSSES,0.788681,-0.027723000000000053
full,all_minilm,43,sts,NFCorpus,0.26904,-0.045489999999999975
full,all_minilm,43,sts,STS14,0.809536,0.053645000000000054
full,all_minilm,43,sts,AmazonCounterfactualClassification,0.6866014999999999,0.05118849999999986
full,all_minilm,43,sts,ArguAna,0.47979,-0.007850000000000024
full,all_minilm,43,sts,STS13,0.825878,0.01984600000000003
full,all_minilm,43,sts,STS12,0.761303,0.037612999999999897
full,all_minilm,43,sts,FiQA2018,0.27562,-0.09064
full,all_minilm,43,sts,SICK-R,0.781009,0.005183999999999966
full,all_minilm,43,sts,MassiveIntentClassification,0.65428,-0.02009900000000009
full,all_minilm,43,sts,AGNewsClassification,0.8706578947368421,0.0019736842105262387
full,all_minilm,43,sts,MSMARCORerankingGate,0.9785464876785728,-0.004297913203571202
full,all_minilm,43,sts,STSBenchmark.clean_exact,0.8346524689787819,0.031589725866601026
full,all_minilm,43,sts,SICK-R.clean_exact,0.7599993150856944,0.0021780231979534603
full,all_minilm,43,sts,STS12.clean_exact,0.7608519646535052,0.03768481766447285
full,all_minilm,43,sts,STS13.clean_exact,0.7943235005058548,-0.006150848379859464
full,all_minilm,43,sts,STS14.clean_exact,0.8020419945224871,0.04286957775912015
full,all_minilm,43,retrieval,Banking77Classification,0.807435,0.007013000000000047
full,all_minilm,43,retrieval,RedditClustering.v2,0.459409,-0.053376000000000035
full,all_minilm,43,retrieval,TwentyNewsgroupsClustering.v2,0.410051,-0.04276200000000002
full,all_minilm,43,retrieval,STSBenchmark,0.823407,0.003082000000000029
full,all_minilm,43,retrieval,EmotionClassification,0.4186,0.010300000000000031
full,all_minilm,43,retrieval,SciFact,0.61893,-0.00492999999999999
full,all_minilm,43,retrieval,BIOSSES,0.829398,0.01299399999999995
full,all_minilm,43,retrieval,NFCorpus,0.30643,-0.008099999999999996
full,all_minilm,43,retrieval,STS14,0.760183,0.0042920000000000735
full,all_minilm,43,retrieval,AmazonCounterfactualClassification,0.64790075,0.01248775000000002
full,all_minilm,43,retrieval,ArguAna,0.49002,0.0023799999999999932
full,all_minilm,43,retrieval,STS13,0.799336,-0.006695999999999924
full,all_minilm,43,retrieval,STS12,0.723087,-0.0006030000000000202
full,all_minilm,43,retrieval,FiQA2018,0.36367,-0.002589999999999981
full,all_minilm,43,retrieval,SICK-R,0.774268,-0.0015570000000000306
full,all_minilm,43,retrieval,MassiveIntentClassification,0.6771389999999999,0.0027599999999998737
full,all_minilm,43,retrieval,AGNewsClassification,0.8630263157894736,-0.005657894736842195
full,all_minilm,43,retrieval,MSMARCORerankingGate,0.9913567355642863,0.008512334682142297
full,all_minilm,43,retrieval,STSBenchmark.clean_exact,0.8086867422415333,0.005623999129352408
full,all_minilm,43,retrieval,SICK-R.clean_exact,0.7561202646707874,-0.0017010272169535323
full,all_minilm,43,retrieval,STS12.clean_exact,0.7225372159136928,-0.0006299310753395959
full,all_minilm,43,retrieval,STS13.clean_exact,0.7841381266133662,-0.01633622227234799
full,all_minilm,43,retrieval,STS14.clean_exact,0.75982116988597,0.0006487531226030407
full,all_minilm,43,classification,Banking77Classification,0.662273,-0.13814899999999997
full,all_minilm,43,classification,RedditClustering.v2,0.38413,-0.12865500000000002
full,all_minilm,43,classification,TwentyNewsgroupsClustering.v2,0.4033,-0.04951300000000003
full,all_minilm,43,classification,STSBenchmark,0.652228,-0.16809699999999994
full,all_minilm,43,classification,EmotionClassification,0.3025,-0.1058
full,all_minilm,43,classification,SciFact,0.36012,-0.26374
full,all_minilm,43,classification,BIOSSES,0.513042,-0.303362
full,all_minilm,43,classification,NFCorpus,0.13334,-0.18119
full,all_minilm,43,classification,STS14,0.577819,-0.178072
full,all_minilm,43,classification,AmazonCounterfactualClassification,0.663414,0.028000999999999943
full,all_minilm,43,classification,ArguAna,0.20081,-0.28683000000000003
full,all_minilm,43,classification,STS13,0.622801,-0.18323099999999992
full,all_minilm,43,classification,STS12,0.572446,-0.15124400000000005
full,all_minilm,43,classification,FiQA2018,0.13778,-0.22847999999999996
full,all_minilm,43,classification,SICK-R,0.660515,-0.11531000000000002
full,all_minilm,43,classification,MassiveIntentClassification,0.585232,-0.08914700000000009
full,all_minilm,43,classification,AGNewsClassification,0.890921052631579,0.02223684210526311
full,all_minilm,43,classification,MSMARCORerankingGate,0.8414061025621508,-0.14143829831999322
full,all_minilm,43,classification,STSBenchmark.clean_exact,0.6172114621321066,-0.1858512809800742
full,all_minilm,43,classification,SICK-R.clean_exact,0.6566590003612948,-0.10116229152644618
full,all_minilm,43,classification,STS12.clean_exact,0.5716094484198757,-0.15155769856915668
full,all_minilm,43,classification,STS13.clean_exact,0.6174090236730172,-0.18306532521269703
full,all_minilm,43,classification,STS14.clean_exact,0.5947711327023126,-0.16440128406105436
full,all_minilm,44,control,Banking77Classification,0.806429,0.006006999999999985
full,all_minilm,44,control,RedditClustering.v2,0.48666,-0.026125000000000065
full,all_minilm,44,control,TwentyNewsgroupsClustering.v2,0.444022,-0.008791000000000049
full,all_minilm,44,control,STSBenchmark,0.832223,0.011898000000000075
full,all_minilm,44,control,EmotionClassification,0.42075,0.012450000000000017
full,all_minilm,44,control,SciFact,0.62639,0.0025300000000000322
full,all_minilm,44,control,BIOSSES,0.839091,0.022687000000000013
full,all_minilm,44,control,NFCorpus,0.31652,0.0019900000000000473
full,all_minilm,44,control,STS14,0.768968,0.013077000000000005
full,all_minilm,44,control,AmazonCounterfactualClassification,0.6581465,0.022733499999999962
full,all_minilm,44,control,ArguAna,0.47904,-0.008599999999999997
full,all_minilm,44,control,STS13,0.819827,0.013795000000000002
full,all_minilm,44,control,STS12,0.733154,0.009463999999999917
full,all_minilm,44,control,FiQA2018,0.3657,-0.0005599999999999494
full,all_minilm,44,control,SICK-R,0.772674,-0.003151000000000015
full,all_minilm,44,control,MassiveIntentClassification,0.6750025,0.000623499999999888
full,all_minilm,44,control,AGNewsClassification,0.8614473684210526,-0.007236842105263208
full,all_minilm,44,control,MSMARCORerankingGate,0.9837371901428582,0.0004999999999999449
full,all_minilm,44,control,STSBenchmark.clean_exact,0.8177020189335547,0.01463927582137381
full,all_minilm,44,control,SICK-R.clean_exact,0.7540642195557711,-0.0037570723319698685
full,all_minilm,44,control,STS12.clean_exact,0.7326588162170953,0.009491669228062882
full,all_minilm,44,control,STS13.clean_exact,0.8141480945439629,0.013673745658248637
full,all_minilm,44,control,STS14.clean_exact,0.7700892994485146,0.010916882685147566
full,all_minilm,44,m0,Banking77Classification,0.800422,0.0
full,all_minilm,44,m0,RedditClustering.v2,0.512785,0.0
full,all_minilm,44,m0,TwentyNewsgroupsClustering.v2,0.452813,0.0
full,all_minilm,44,m0,STSBenchmark,0.820325,0.0
full,all_minilm,44,m0,EmotionClassification,0.4083,0.0
full,all_minilm,44,m0,SciFact,0.62386,0.0
full,all_minilm,44,m0,BIOSSES,0.816404,0.0
full,all_minilm,44,m0,NFCorpus,0.31453,0.0
full,all_minilm,44,m0,STS14,0.755891,0.0
full,all_minilm,44,m0,AmazonCounterfactualClassification,0.635413,0.0
full,all_minilm,44,m0,ArguAna,0.48764,0.0
full,all_minilm,44,m0,STS13,0.806032,0.0
full,all_minilm,44,m0,STS12,0.72369,0.0
full,all_minilm,44,m0,FiQA2018,0.36626,0.0
full,all_minilm,44,m0,SICK-R,0.775825,0.0
full,all_minilm,44,m0,MassiveIntentClassification,0.6743790000000001,0.0
full,all_minilm,44,m0,AGNewsClassification,0.8686842105263158,0.0
full,all_minilm,44,m0,MSMARCORerankingGate,0.9832371901428583,0.0
full,all_minilm,44,m0,STSBenchmark.clean_exact,0.8030627431121808,0.0
full,all_minilm,44,m0,SICK-R.clean_exact,0.7578212918877409,0.0
full,all_minilm,44,m0,STS12.clean_exact,0.7231671469890324,0.0
full,all_minilm,44,m0,STS13.clean_exact,0.8004743488857142,0.0
full,all_minilm,44,m0,STS14.clean_exact,0.759172416763367,0.0
full,all_minilm,44,sts,Banking77Classification,0.74789,-0.05253199999999991
full,all_minilm,44,sts,RedditClustering.v2,0.456646,-0.05613900000000005
full,all_minilm,44,sts,TwentyNewsgroupsClustering.v2,0.418639,-0.03417400000000004
full,all_minilm,44,sts,STSBenchmark,0.853314,0.032989000000000046
full,all_minilm,44,sts,EmotionClassification,0.41395,0.005649999999999988
full,all_minilm,44,sts,SciFact,0.59278,-0.031079999999999997
full,all_minilm,44,sts,BIOSSES,0.784211,-0.03219300000000003
full,all_minilm,44,sts,NFCorpus,0.27047,-0.04405999999999999
full,all_minilm,44,sts,STS14,0.808103,0.052212000000000036
full,all_minilm,44,sts,AmazonCounterfactualClassification,0.684136,0.04872299999999996
full,all_minilm,44,sts,ArguAna,0.49207,0.0044299999999999895
full,all_minilm,44,sts,STS13,0.824196,0.01816400000000007
full,all_minilm,44,sts,STS12,0.764263,0.04057299999999997
full,all_minilm,44,sts,FiQA2018,0.26977,-0.09648999999999996
full,all_minilm,44,sts,SICK-R,0.776999,0.0011740000000000084
full,all_minilm,44,sts,MassiveIntentClassification,0.650147,-0.02423200000000003
full,all_minilm,44,sts,AGNewsClassification,0.8709210526315789,0.0022368421052630927
full,all_minilm,44,sts,MSMARCORerankingGate,0.979584374975932,-0.003652815166926282
full,all_minilm,44,sts,STSBenchmark.clean_exact,0.8360524289766486,0.03298968586446771
full,all_minilm,44,sts,SICK-R.clean_exact,0.7568861175655421,-0.0009351743221988063
full,all_minilm,44,sts,STS12.clean_exact,0.7637992195024647,0.04063207251343226
full,all_minilm,44,sts,STS13.clean_exact,0.7939083211189826,-0.0065660277667316524
full,all_minilm,44,sts,STS14.clean_exact,0.8006719289022091,0.041499512138842065
full,all_minilm,44,retrieval,Banking77Classification,0.806818,0.006396000000000068
full,all_minilm,44,retrieval,RedditClustering.v2,0.453296,-0.05948900000000007
full,all_minilm,44,retrieval,TwentyNewsgroupsClustering.v2,0.411073,-0.04174
full,all_minilm,44,retrieval,STSBenchmark,0.82282,0.002495000000000025
full,all_minilm,44,retrieval,EmotionClassification,0.4201,0.011799999999999977
full,all_minilm,44,retrieval,SciFact,0.61558,-0.008279999999999954
full,all_minilm,44,retrieval,BIOSSES,0.834627,0.01822299999999999
full,all_minilm,44,retrieval,NFCorpus,0.3057,-0.008829999999999949
full,all_minilm,44,retrieval,STS14,0.760732,0.004840999999999984
full,all_minilm,44,retrieval,AmazonCounterfactualClassification,0.64967975,0.014266749999999995
full,all_minilm,44,retrieval,ArguAna,0.48913,0.0014899999999999913
full,all_minilm,44,retrieval,STS13,0.800982,-0.005049999999999999
full,all_minilm,44,retrieval,STS12,0.722548,-0.0011420000000000874
full,all_minilm,44,retrieval,FiQA2018,0.36708,0.0008200000000000429
full,all_minilm,44,retrieval,SICK-R,0.774899,-0.0009259999999999824
full,all_minilm,44,retrieval,MassiveIntentClassification,0.6763695000000001,0.001990500000000006
full,all_minilm,44,retrieval,AGNewsClassification,0.8609210526315789,-0.007763157894736916
full,all_minilm,44,retrieval,MSMARCORerankingGate,0.9918804545785721,0.008643264435713838
full,all_minilm,44,retrieval,STSBenchmark.clean_exact,0.8077959312860808,0.004733188173900005
full,all_minilm,44,retrieval,SICK-R.clean_exact,0.7566630996899015,-0.0011581921978394139
full,all_minilm,44,retrieval,STS12.clean_exact,0.7220047970903927,-0.0011623498986397252
full,all_minilm,44,retrieval,STS13.clean_exact,0.7873120024372507,-0.01316234644846348
full,all_minilm,44,retrieval,STS14.clean_exact,0.7607470506094499,0.001574633846082918
full,all_minilm,44,classification,Banking77Classification,0.655974,-0.14444800000000002
full,all_minilm,44,classification,RedditClustering.v2,0.379266,-0.13351900000000005
full,all_minilm,44,classification,TwentyNewsgroupsClustering.v2,0.398336,-0.054477
full,all_minilm,44,classification,STSBenchmark,0.654188,-0.16613699999999998
full,all_minilm,44,classification,EmotionClassification,0.29965,-0.10864999999999997
full,all_minilm,44,classification,SciFact,0.36214,-0.26171999999999995
full,all_minilm,44,classification,BIOSSES,0.501162,-0.315242
full,all_minilm,44,classification,NFCorpus,0.1272,-0.18732999999999997
full,all_minilm,44,classification,STS14,0.575737,-0.18015399999999993
full,all_minilm,44,classification,AmazonCounterfactualClassification,0.66182275,0.02640975000000001
full,all_minilm,44,classification,ArguAna,0.21169,-0.27595000000000003
full,all_minilm,44,classification,STS13,0.61729,-0.18874199999999997
full,all_minilm,44,classification,STS12,0.570837,-0.15285300000000002
full,all_minilm,44,classification,FiQA2018,0.14153,-0.22472999999999999
full,all_minilm,44,classification,SICK-R,0.665327,-0.11049799999999999
full,all_minilm,44,classification,MassiveIntentClassification,0.5821099999999999,-0.09226900000000016
full,all_minilm,44,classification,AGNewsClassification,0.8890789473684211,0.020394736842105243
full,all_minilm,44,classification,MSMARCORerankingGate,0.8346439869476586,-0.14859320319519964
full,all_minilm,44,classification,STSBenchmark.clean_exact,0.6196504282511176,-0.18341231486106324
full,all_minilm,44,classification,SICK-R.clean_exact,0.6600073060577385,-0.09781398583000245
full,all_minilm,44,classification,STS12.clean_exact,0.5700305832342173,-0.1531365637548151
full,all_minilm,44,classification,STS13.clean_exact,0.6068572864391589,-0.1936170624465553
full,all_minilm,44,classification,STS14.clean_exact,0.5929577029481796,-0.16621471381518738
