suite,model,seed,branch,task,score
full,raw_minilm,42,control,Banking77Classification,0.601851
full,raw_minilm,42,control,RedditClustering.v2,0.312639
full,raw_minilm,42,control,TwentyNewsgroupsClustering.v2,0.204202
full,raw_minilm,42,control,STSBenchmark,0.644838
full,raw_minilm,42,control,EmotionClassification,0.3507
full,raw_minilm,42,control,SciFact,0.11566
full,raw_minilm,42,control,BIOSSES,0.570146
full,raw_minilm,42,control,NFCorpus,0.04361
full,raw_minilm,42,control,STS14,0.556151
full,raw_minilm,42,control,AmazonCounterfactualClassification,0.70309325
full,raw_minilm,42,control,ArguAna,0.25376
full,raw_minilm,42,control,STS13,0.628661
full,raw_minilm,42,control,STS12,0.461803
full,raw_minilm,42,control,FiQA2018,0.011
full,raw_minilm,42,control,SICK-R,0.65875
full,raw_minilm,42,control,MassiveIntentClassification,0.5324725
full,raw_minilm,42,control,AGNewsClassification,0.8640789473684211
full,raw_minilm,42,control,MSMARCORerankingGate,0.6179098716854329
full,raw_minilm,42,control,STSBenchmark.clean_exact,0.6627228205129964
full,raw_minilm,42,control,SICK-R.clean_exact,0.656487358771459
full,raw_minilm,42,control,STS12.clean_exact,0.46114835766345735
full,raw_minilm,42,control,STS13.clean_exact,0.6209715355034306
full,raw_minilm,42,control,STS14.clean_exact,0.5679269088953693
full,raw_minilm,42,m0,Banking77Classification,0.572922
full,raw_minilm,42,m0,RedditClustering.v2,0.330065
full,raw_minilm,42,m0,TwentyNewsgroupsClustering.v2,0.213054
full,raw_minilm,42,m0,STSBenchmark,0.643671
full,raw_minilm,42,m0,EmotionClassification,0.3324
full,raw_minilm,42,m0,SciFact,0.0994
full,raw_minilm,42,m0,BIOSSES,0.546091
full,raw_minilm,42,m0,NFCorpus,0.0399
full,raw_minilm,42,m0,STS14,0.548434
full,raw_minilm,42,m0,AmazonCounterfactualClassification,0.6765935000000001
full,raw_minilm,42,m0,ArguAna,0.22855
full,raw_minilm,42,m0,STS13,0.630566
full,raw_minilm,42,m0,STS12,0.457723
full,raw_minilm,42,m0,FiQA2018,0.01038
full,raw_minilm,42,m0,SICK-R,0.649212
full,raw_minilm,42,m0,MassiveIntentClassification,0.5214805
full,raw_minilm,42,m0,AGNewsClassification,0.8661842105263158
full,raw_minilm,42,m0,MSMARCORerankingGate,0.5410188582993892
full,raw_minilm,42,m0,STSBenchmark.clean_exact,0.6576044963282333
full,raw_minilm,42,m0,SICK-R.clean_exact,0.6464040979859078
full,raw_minilm,42,m0,STS12.clean_exact,0.4570206601815323
full,raw_minilm,42,m0,STS13.clean_exact,0.6268239971061057
full,raw_minilm,42,m0,STS14.clean_exact,0.5629874205216145
full,raw_minilm,42,sts,Banking77Classification,0.592078
full,raw_minilm,42,sts,RedditClustering.v2,0.371831
full,raw_minilm,42,sts,TwentyNewsgroupsClustering.v2,0.270479
full,raw_minilm,42,sts,STSBenchmark,0.804624
full,raw_minilm,42,sts,EmotionClassification,0.3696
full,raw_minilm,42,sts,SciFact,0.14041
full,raw_minilm,42,sts,BIOSSES,0.582977
full,raw_minilm,42,sts,NFCorpus,0.03742
full,raw_minilm,42,sts,STS14,0.723649
full,raw_minilm,42,sts,AmazonCounterfactualClassification,0.67777025
full,raw_minilm,42,sts,ArguAna,0.33387
full,raw_minilm,42,sts,STS13,0.766935
full,raw_minilm,42,sts,STS12,0.673065
full,raw_minilm,42,sts,FiQA2018,0.01286
full,raw_minilm,42,sts,SICK-R,0.706595
full,raw_minilm,42,sts,MassiveIntentClassification,0.4889205
full,raw_minilm,42,sts,AGNewsClassification,0.8582894736842105
full,raw_minilm,42,sts,MSMARCORerankingGate,0.5983177250817874
full,raw_minilm,42,sts,STSBenchmark.clean_exact,0.7919720374135634
full,raw_minilm,42,sts,SICK-R.clean_exact,0.6889104196929824
full,raw_minilm,42,sts,STS12.clean_exact,0.6724439992483273
full,raw_minilm,42,sts,STS13.clean_exact,0.7302643965143576
full,raw_minilm,42,sts,STS14.clean_exact,0.7187058560116174
full,raw_minilm,42,retrieval,Banking77Classification,0.657987
full,raw_minilm,42,retrieval,RedditClustering.v2,0.411307
full,raw_minilm,42,retrieval,TwentyNewsgroupsClustering.v2,0.282031
full,raw_minilm,42,retrieval,STSBenchmark,0.711247
full,raw_minilm,42,retrieval,EmotionClassification,0.3768
full,raw_minilm,42,retrieval,SciFact,0.31831
full,raw_minilm,42,retrieval,BIOSSES,0.684485
full,raw_minilm,42,retrieval,NFCorpus,0.15368
full,raw_minilm,42,retrieval,STS14,0.642701
full,raw_minilm,42,retrieval,AmazonCounterfactualClassification,0.64255475
full,raw_minilm,42,retrieval,ArguAna,0.38294
full,raw_minilm,42,retrieval,STS13,0.74327
full,raw_minilm,42,retrieval,STS12,0.583367
full,raw_minilm,42,retrieval,FiQA2018,0.12061
full,raw_minilm,42,retrieval,SICK-R,0.686307
full,raw_minilm,42,retrieval,MassiveIntentClassification,0.556967
full,raw_minilm,42,retrieval,AGNewsClassification,0.8578947368421053
full,raw_minilm,42,retrieval,MSMARCORerankingGate,0.9601545459583334
full,raw_minilm,42,retrieval,STSBenchmark.clean_exact,0.7066821068777281
full,raw_minilm,42,retrieval,SICK-R.clean_exact,0.6713100826601374
full,raw_minilm,42,retrieval,STS12.clean_exact,0.5826344946767043
full,raw_minilm,42,retrieval,STS13.clean_exact,0.7591774609100161
full,raw_minilm,42,retrieval,STS14.clean_exact,0.6553105595489966
full,raw_minilm,42,classification,Banking77Classification,0.233994
full,raw_minilm,42,classification,RedditClustering.v2,0.306942
full,raw_minilm,42,classification,TwentyNewsgroupsClustering.v2,0.256486
full,raw_minilm,42,classification,STSBenchmark,0.529349
full,raw_minilm,42,classification,EmotionClassification,0.23925
full,raw_minilm,42,classification,SciFact,0.04594
full,raw_minilm,42,classification,BIOSSES,0.274398
full,raw_minilm,42,classification,NFCorpus,0.02152
full,raw_minilm,42,classification,STS14,0.441807
full,raw_minilm,42,classification,AmazonCounterfactualClassification,0.5863895
full,raw_minilm,42,classification,ArguAna,0.15686
full,raw_minilm,42,classification,STS13,0.515819
full,raw_minilm,42,classification,STS12,0.449995
full,raw_minilm,42,classification,FiQA2018,0.00222
full,raw_minilm,42,classification,SICK-R,0.566956
full,raw_minilm,42,classification,MassiveIntentClassification,0.247109
full,raw_minilm,42,classification,AGNewsClassification,0.8932894736842105
full,raw_minilm,42,classification,MSMARCORerankingGate,0.4197580220792869
full,raw_minilm,42,classification,STSBenchmark.clean_exact,0.5015244942811972
full,raw_minilm,42,classification,SICK-R.clean_exact,0.5639744262232008
full,raw_minilm,42,classification,STS12.clean_exact,0.4491723011567547
full,raw_minilm,42,classification,STS13.clean_exact,0.5146320455121868
full,raw_minilm,42,classification,STS14.clean_exact,0.46484095612702103
full,raw_minilm,43,control,Banking77Classification,0.591851
full,raw_minilm,43,control,RedditClustering.v2,0.322201
full,raw_minilm,43,control,TwentyNewsgroupsClustering.v2,0.201139
full,raw_minilm,43,control,STSBenchmark,0.640271
full,raw_minilm,43,control,EmotionClassification,0.3415
full,raw_minilm,43,control,SciFact,0.11075
full,raw_minilm,43,control,BIOSSES,0.557097
full,raw_minilm,43,control,NFCorpus,0.04514
full,raw_minilm,43,control,STS14,0.553571
full,raw_minilm,43,control,AmazonCounterfactualClassification,0.69960775
full,raw_minilm,43,control,ArguAna,0.2367
full,raw_minilm,43,control,STS13,0.633317
full,raw_minilm,43,control,STS12,0.467268
full,raw_minilm,43,control,FiQA2018,0.01144
full,raw_minilm,43,control,SICK-R,0.655327
full,raw_minilm,43,control,MassiveIntentClassification,0.530582
full,raw_minilm,43,control,AGNewsClassification,0.8589473684210527
full,raw_minilm,43,control,MSMARCORerankingGate,0.6190534708075816
full,raw_minilm,43,control,STSBenchmark.clean_exact,0.6594962251131653
full,raw_minilm,43,control,SICK-R.clean_exact,0.6533943507688529
full,raw_minilm,43,control,STS12.clean_exact,0.46660571932329614
full,raw_minilm,43,control,STS13.clean_exact,0.6223923945135712
full,raw_minilm,43,control,STS14.clean_exact,0.5664719819046611
full,raw_minilm,43,m0,Banking77Classification,0.565942
full,raw_minilm,43,m0,RedditClustering.v2,0.330473
full,raw_minilm,43,m0,TwentyNewsgroupsClustering.v2,0.225257
full,raw_minilm,43,m0,STSBenchmark,0.63652
full,raw_minilm,43,m0,EmotionClassification,0.3295
full,raw_minilm,43,m0,SciFact,0.0909
full,raw_minilm,43,m0,BIOSSES,0.501252
full,raw_minilm,43,m0,NFCorpus,0.04134
full,raw_minilm,43,m0,STS14,0.537879
full,raw_minilm,43,m0,AmazonCounterfactualClassification,0.6800439999999999
full,raw_minilm,43,m0,ArguAna,0.22397
full,raw_minilm,43,m0,STS13,0.623566
full,raw_minilm,43,m0,STS12,0.453589
full,raw_minilm,43,m0,FiQA2018,0.00799
full,raw_minilm,43,m0,SICK-R,0.649447
full,raw_minilm,43,m0,MassiveIntentClassification,0.521319
full,raw_minilm,43,m0,AGNewsClassification,0.8640789473684211
full,raw_minilm,43,m0,MSMARCORerankingGate,0.5497270516928893
full,raw_minilm,43,m0,STSBenchmark.clean_exact,0.651654094837528
full,raw_minilm,43,m0,SICK-R.clean_exact,0.6455339575134916
full,raw_minilm,43,m0,STS12.clean_exact,0.45291740082639714
full,raw_minilm,43,m0,STS13.clean_exact,0.6196161357874782
full,raw_minilm,43,m0,STS14.clean_exact,0.5542283893429364
full,raw_minilm,43,sts,Banking77Classification,0.586948
full,raw_minilm,43,sts,RedditClustering.v2,0.369072
full,raw_minilm,43,sts,TwentyNewsgroupsClustering.v2,0.264825
full,raw_minilm,43,sts,STSBenchmark,0.805605
full,raw_minilm,43,sts,EmotionClassification,0.36625
full,raw_minilm,43,sts,SciFact,0.11981
full,raw_minilm,43,sts,BIOSSES,0.579483
full,raw_minilm,43,sts,NFCorpus,0.03467
full,raw_minilm,43,sts,STS14,0.725569
full,raw_minilm,43,sts,AmazonCounterfactualClassification,0.67235
full,raw_minilm,43,sts,ArguAna,0.3358
full,raw_minilm,43,sts,STS13,0.773745
full,raw_minilm,43,sts,STS12,0.680455
full,raw_minilm,43,sts,FiQA2018,0.01296
full,raw_minilm,43,sts,SICK-R,0.705421
full,raw_minilm,43,sts,MassiveIntentClassification,0.4925395
full,raw_minilm,43,sts,AGNewsClassification,0.8539473684210527
full,raw_minilm,43,sts,MSMARCORerankingGate,0.5830152657390416
full,raw_minilm,43,sts,STSBenchmark.clean_exact,0.7930914607694514
full,raw_minilm,43,sts,SICK-R.clean_exact,0.6881626159335591
full,raw_minilm,43,sts,STS12.clean_exact,0.6798517169963524
full,raw_minilm,43,sts,STS13.clean_exact,0.7405502736114343
full,raw_minilm,43,sts,STS14.clean_exact,0.7224400288859446
full,raw_minilm,43,retrieval,Banking77Classification,0.654935
full,raw_minilm,43,retrieval,RedditClustering.v2,0.421265
full,raw_minilm,43,retrieval,TwentyNewsgroupsClustering.v2,0.289967
full,raw_minilm,43,retrieval,STSBenchmark,0.706428
full,raw_minilm,43,retrieval,EmotionClassification,0.3621
full,raw_minilm,43,retrieval,SciFact,0.28046
full,raw_minilm,43,retrieval,BIOSSES,0.663618
full,raw_minilm,43,retrieval,NFCorpus,0.14769
full,raw_minilm,43,retrieval,STS14,0.642201
full,raw_minilm,43,retrieval,AmazonCounterfactualClassification,0.6450475
full,raw_minilm,43,retrieval,ArguAna,0.37789
full,raw_minilm,43,retrieval,STS13,0.741767
full,raw_minilm,43,retrieval,STS12,0.579184
full,raw_minilm,43,retrieval,FiQA2018,0.12167
full,raw_minilm,43,retrieval,SICK-R,0.685841
full,raw_minilm,43,retrieval,MassiveIntentClassification,0.557862
full,raw_minilm,43,retrieval,AGNewsClassification,0.8548684210526316
full,raw_minilm,43,retrieval,MSMARCORerankingGate,0.9546041480954441
full,raw_minilm,43,retrieval,STSBenchmark.clean_exact,0.7022929927958232
full,raw_minilm,43,retrieval,SICK-R.clean_exact,0.6692253828394062
full,raw_minilm,43,retrieval,STS12.clean_exact,0.5784159952407286
full,raw_minilm,43,retrieval,STS13.clean_exact,0.7560832745357722
full,raw_minilm,43,retrieval,STS14.clean_exact,0.6548489580557822
full,raw_minilm,43,classification,Banking77Classification,0.226688
full,raw_minilm,43,classification,RedditClustering.v2,0.313913
full,raw_minilm,43,classification,TwentyNewsgroupsClustering.v2,0.266667
full,raw_minilm,43,classification,STSBenchmark,0.539253
full,raw_minilm,43,classification,EmotionClassification,0.2342
full,raw_minilm,43,classification,SciFact,0.04234
full,raw_minilm,43,classification,BIOSSES,0.311838
full,raw_minilm,43,classification,NFCorpus,0.02177
full,raw_minilm,43,classification,STS14,0.442326
full,raw_minilm,43,classification,AmazonCounterfactualClassification,0.57748025
full,raw_minilm,43,classification,ArguAna,0.16234
full,raw_minilm,43,classification,STS13,0.527955
full,raw_minilm,43,classification,STS12,0.45526
full,raw_minilm,43,classification,FiQA2018,0.00146
full,raw_minilm,43,classification,SICK-R,0.574019
full,raw_minilm,43,classification,MassiveIntentClassification,0.2576
full,raw_minilm,43,classification,AGNewsClassification,0.8972368421052631
full,raw_minilm,43,classification,MSMARCORerankingGate,0.3818502734973513
full,raw_minilm,43,classification,STSBenchmark.clean_exact,0.5134779876677786
full,raw_minilm,43,classification,SICK-R.clean_exact,0.5678516108234456
full,raw_minilm,43,classification,STS12.clean_exact,0.45438541103919344
full,raw_minilm,43,classification,STS13.clean_exact,0.5314210180912615
full,raw_minilm,43,classification,STS14.clean_exact,0.4683596539589727
full,raw_minilm,44,control,Banking77Classification,0.593084
full,raw_minilm,44,control,RedditClustering.v2,0.318227
full,raw_minilm,44,control,TwentyNewsgroupsClustering.v2,0.195416
full,raw_minilm,44,control,STSBenchmark,0.63641
full,raw_minilm,44,control,EmotionClassification,0.3352
full,raw_minilm,44,control,SciFact,0.13145
full,raw_minilm,44,control,BIOSSES,0.553464
full,raw_minilm,44,control,NFCorpus,0.04157
full,raw_minilm,44,control,STS14,0.550535
full,raw_minilm,44,control,AmazonCounterfactualClassification,0.6968337499999999
full,raw_minilm,44,control,ArguAna,0.25049
full,raw_minilm,44,control,STS13,0.625906
full,raw_minilm,44,control,STS12,0.472188
full,raw_minilm,44,control,FiQA2018,0.01112
full,raw_minilm,44,control,SICK-R,0.663807
full,raw_minilm,44,control,MassiveIntentClassification,0.526643
full,raw_minilm,44,control,AGNewsClassification,0.8627631578947368
full,raw_minilm,44,control,MSMARCORerankingGate,0.6169132377165419
full,raw_minilm,44,control,STSBenchmark.clean_exact,0.6502481887436772
full,raw_minilm,44,control,SICK-R.clean_exact,0.6604638890556361
full,raw_minilm,44,control,STS12.clean_exact,0.471538974188322
full,raw_minilm,44,control,STS13.clean_exact,0.6159550308662709
full,raw_minilm,44,control,STS14.clean_exact,0.562341316503151
full,raw_minilm,44,m0,Banking77Classification,0.564643
full,raw_minilm,44,m0,RedditClustering.v2,0.327809
full,raw_minilm,44,m0,TwentyNewsgroupsClustering.v2,0.216121
full,raw_minilm,44,m0,STSBenchmark,0.63116
full,raw_minilm,44,m0,EmotionClassification,0.32765
full,raw_minilm,44,m0,SciFact,0.08989
full,raw_minilm,44,m0,BIOSSES,0.514518
full,raw_minilm,44,m0,NFCorpus,0.03909
full,raw_minilm,44,m0,STS14,0.53592
full,raw_minilm,44,m0,AmazonCounterfactualClassification,0.6788995
full,raw_minilm,44,m0,ArguAna,0.21334
full,raw_minilm,44,m0,STS13,0.621859
full,raw_minilm,44,m0,STS12,0.449164
full,raw_minilm,44,m0,FiQA2018,0.0082
full,raw_minilm,44,m0,SICK-R,0.646651
full,raw_minilm,44,m0,MassiveIntentClassification,0.516618
full,raw_minilm,44,m0,AGNewsClassification,0.8640789473684211
full,raw_minilm,44,m0,MSMARCORerankingGate,0.5222666450713486
full,raw_minilm,44,m0,STSBenchmark.clean_exact,0.643980663472747
full,raw_minilm,44,m0,SICK-R.clean_exact,0.6439935850672168
full,raw_minilm,44,m0,STS12.clean_exact,0.44857692451552267
full,raw_minilm,44,m0,STS13.clean_exact,0.6147784658687669
full,raw_minilm,44,m0,STS14.clean_exact,0.550296339133154
full,raw_minilm,44,sts,Banking77Classification,0.58263
full,raw_minilm,44,sts,RedditClustering.v2,0.361408
full,raw_minilm,44,sts,TwentyNewsgroupsClustering.v2,0.268201
full,raw_minilm,44,sts,STSBenchmark,0.800637
full,raw_minilm,44,sts,EmotionClassification,0.3586
full,raw_minilm,44,sts,SciFact,0.11379
full,raw_minilm,44,sts,BIOSSES,0.580049
full,raw_minilm,44,sts,NFCorpus,0.03574
full,raw_minilm,44,sts,STS14,0.720756
full,raw_minilm,44,sts,AmazonCounterfactualClassification,0.67638925
full,raw_minilm,44,sts,ArguAna,0.33332
full,raw_minilm,44,sts,STS13,0.760413
full,raw_minilm,44,sts,STS12,0.678572
full,raw_minilm,44,sts,FiQA2018,0.01195
full,raw_minilm,44,sts,SICK-R,0.700188
full,raw_minilm,44,sts,MassiveIntentClassification,0.492987
full,raw_minilm,44,sts,AGNewsClassification,0.8569736842105263
full,raw_minilm,44,sts,MSMARCORerankingGate,0.5818214253745366
full,raw_minilm,44,sts,STSBenchmark.clean_exact,0.7871159565646576
full,raw_minilm,44,sts,SICK-R.clean_exact,0.6841581554144196
full,raw_minilm,44,sts,STS12.clean_exact,0.6779406869100352
full,raw_minilm,44,sts,STS13.clean_exact,0.7232207809084038
full,raw_minilm,44,sts,STS14.clean_exact,0.7159136875746803
full,raw_minilm,44,retrieval,Banking77Classification,0.65974
full,raw_minilm,44,retrieval,RedditClustering.v2,0.415044
full,raw_minilm,44,retrieval,TwentyNewsgroupsClustering.v2,0.285933
full,raw_minilm,44,retrieval,STSBenchmark,0.705964
full,raw_minilm,44,retrieval,EmotionClassification,0.361
full,raw_minilm,44,retrieval,SciFact,0.29594
full,raw_minilm,44,retrieval,BIOSSES,0.675943
full,raw_minilm,44,retrieval,NFCorpus,0.14349
full,raw_minilm,44,retrieval,STS14,0.638263
full,raw_minilm,44,retrieval,AmazonCounterfactualClassification,0.64293925
full,raw_minilm,44,retrieval,ArguAna,0.38373
full,raw_minilm,44,retrieval,STS13,0.740659
full,raw_minilm,44,retrieval,STS12,0.574696
full,raw_minilm,44,retrieval,FiQA2018,0.12323
full,raw_minilm,44,retrieval,SICK-R,0.687529
full,raw_minilm,44,retrieval,MassiveIntentClassification,0.5588474999999999
full,raw_minilm,44,retrieval,AGNewsClassification,0.8548684210526316
full,raw_minilm,44,retrieval,MSMARCORerankingGate,0.9575141011840066
full,raw_minilm,44,retrieval,STSBenchmark.clean_exact,0.7015918364858845
full,raw_minilm,44,retrieval,SICK-R.clean_exact,0.6724642324916504
full,raw_minilm,44,retrieval,STS12.clean_exact,0.5739347538122719
full,raw_minilm,44,retrieval,STS13.clean_exact,0.7569121744270687
full,raw_minilm,44,retrieval,STS14.clean_exact,0.6499217286353303
full,raw_minilm,44,classification,Banking77Classification,0.233636
full,raw_minilm,44,classification,RedditClustering.v2,0.311636
full,raw_minilm,44,classification,TwentyNewsgroupsClustering.v2,0.262138
full,raw_minilm,44,classification,STSBenchmark,0.545752
full,raw_minilm,44,classification,EmotionClassification,0.23645
full,raw_minilm,44,classification,SciFact,0.0461
full,raw_minilm,44,classification,BIOSSES,0.320857
full,raw_minilm,44,classification,NFCorpus,0.01936
full,raw_minilm,44,classification,STS14,0.44771
full,raw_minilm,44,classification,AmazonCounterfactualClassification,0.5778797499999999
full,raw_minilm,44,classification,ArguAna,0.16474
full,raw_minilm,44,classification,STS13,0.527575
full,raw_minilm,44,classification,STS12,0.462207
full,raw_minilm,44,classification,FiQA2018,0.00288
full,raw_minilm,44,classification,SICK-R,0.576972
full,raw_minilm,44,classification,MassiveIntentClassification,0.2530985
full,raw_minilm,44,classification,AGNewsClassification,0.8947368421052632
full,raw_minilm,44,classification,MSMARCORerankingGate,0.38940740519081735
full,raw_minilm,44,classification,STSBenchmark.clean_exact,0.5204047939157931
full,raw_minilm,44,classification,SICK-R.clean_exact,0.5736661634290585
full,raw_minilm,44,classification,STS12.clean_exact,0.46138090518725566
full,raw_minilm,44,classification,STS13.clean_exact,0.531058737828609
full,raw_minilm,44,classification,STS14.clean_exact,0.47096656488337557
full,all_minilm,42,control,Banking77Classification,0.807013
full,all_minilm,42,control,RedditClustering.v2,0.452686
full,all_minilm,42,control,TwentyNewsgroupsClustering.v2,0.429213
full,all_minilm,42,control,STSBenchmark,0.832762
full,all_minilm,42,control,EmotionClassification,0.4253
full,all_minilm,42,control,SciFact,0.61433
full,all_minilm,42,control,BIOSSES,0.851989
full,all_minilm,42,control,NFCorpus,0.31698
full,all_minilm,42,control,STS14,0.771766
full,all_minilm,42,control,AmazonCounterfactualClassification,0.6744569999999999
full,all_minilm,42,control,ArguAna,0.47827
full,all_minilm,42,control,STS13,0.81878
full,all_minilm,42,control,STS12,0.733777
full,all_minilm,42,control,FiQA2018,0.3606
full,all_minilm,42,control,SICK-R,0.763493
full,all_minilm,42,control,MassiveIntentClassification,0.6712944999999999
full,all_minilm,42,control,AGNewsClassification,0.8532894736842105
full,all_minilm,42,control,MSMARCORerankingGate,0.982522768664287
full,all_minilm,42,control,STSBenchmark.clean_exact,0.8190694003214911
full,all_minilm,42,control,SICK-R.clean_exact,0.7448610626617961
full,all_minilm,42,control,STS12.clean_exact,0.7332500019224378
full,all_minilm,42,control,STS13.clean_exact,0.8097388077782207
full,all_minilm,42,control,STS14.clean_exact,0.7721335431534321
full,all_minilm,42,m0,Banking77Classification,0.800422
full,all_minilm,42,m0,RedditClustering.v2,0.512785
full,all_minilm,42,m0,TwentyNewsgroupsClustering.v2,0.452813
full,all_minilm,42,m0,STSBenchmark,0.820325
full,all_minilm,42,m0,EmotionClassification,0.4083
full,all_minilm,42,m0,SciFact,0.62386
full,all_minilm,42,m0,BIOSSES,0.816404
full,all_minilm,42,m0,NFCorpus,0.31453
full,all_minilm,42,m0,STS14,0.755891
full,all_minilm,42,m0,AmazonCounterfactualClassification,0.635413
full,all_minilm,42,m0,ArguAna,0.48764
full,all_minilm,42,m0,STS13,0.806032
full,all_minilm,42,m0,STS12,0.72369
full,all_minilm,42,m0,FiQA2018,0.36626
full,all_minilm,42,m0,SICK-R,0.775825
full,all_minilm,42,m0,MassiveIntentClassification,0.6743790000000001
full,all_minilm,42,m0,AGNewsClassification,0.8686842105263158
full,all_minilm,42,m0,MSMARCORerankingGate,0.9838681198964297
full,all_minilm,42,m0,STSBenchmark.clean_exact,0.8030627431121808
full,all_minilm,42,m0,SICK-R.clean_exact,0.7578212918877409
full,all_minilm,42,m0,STS12.clean_exact,0.7231671469890324
full,all_minilm,42,m0,STS13.clean_exact,0.8004743488857142
full,all_minilm,42,m0,STS14.clean_exact,0.759172416763367
full,all_minilm,42,sts,Banking77Classification,0.749188
full,all_minilm,42,sts,RedditClustering.v2,0.457186
full,all_minilm,42,sts,TwentyNewsgroupsClustering.v2,0.424218
full,all_minilm,42,sts,STSBenchmark,0.852355
full,all_minilm,42,sts,EmotionClassification,0.4106
full,all_minilm,42,sts,SciFact,0.59154
full,all_minilm,42,sts,BIOSSES,0.782632
full,all_minilm,42,sts,NFCorpus,0.27111
full,all_minilm,42,sts,STS14,0.80764
full,all_minilm,42,sts,AmazonCounterfactualClassification,0.680507
full,all_minilm,42,sts,ArguAna,0.5034
full,all_minilm,42,sts,STS13,0.823425
full,all_minilm,42,sts,STS12,0.760277
full,all_minilm,42,sts,FiQA2018,0.27685
full,all_minilm,42,sts,SICK-R,0.779543
full,all_minilm,42,sts,MassiveIntentClassification,0.654828
full,all_minilm,42,sts,AGNewsClassification,0.8702631578947368
full,all_minilm,42,sts,MSMARCORerankingGate,0.9795464876785728
full,all_minilm,42,sts,STSBenchmark.clean_exact,0.8342722144750172
full,all_minilm,42,sts,SICK-R.clean_exact,0.7590149233007515
full,all_minilm,42,sts,STS12.clean_exact,0.7598301968626492
full,all_minilm,42,sts,STS13.clean_exact,0.7909643803429081
full,all_minilm,42,sts,STS14.clean_exact,0.7998539657079223
full,all_minilm,42,retrieval,Banking77Classification,0.807532
full,all_minilm,42,retrieval,RedditClustering.v2,0.458683
full,all_minilm,42,retrieval,TwentyNewsgroupsClustering.v2,0.426968
full,all_minilm,42,retrieval,STSBenchmark,0.822578
full,all_minilm,42,retrieval,EmotionClassification,0.4183
full,all_minilm,42,retrieval,SciFact,0.61275
full,all_minilm,42,retrieval,BIOSSES,0.823904
full,all_minilm,42,retrieval,NFCorpus,0.30439
full,all_minilm,42,retrieval,STS14,0.760608
full,all_minilm,42,retrieval,AmazonCounterfactualClassification,0.6502395
full,all_minilm,42,retrieval,ArguAna,0.4875
full,all_minilm,42,retrieval,STS13,0.799405
full,all_minilm,42,retrieval,STS12,0.723589
full,all_minilm,42,retrieval,FiQA2018,0.36853
full,all_minilm,42,retrieval,SICK-R,0.773205
full,all_minilm,42,retrieval,MassiveIntentClassification,0.6746695
full,all_minilm,42,retrieval,AGNewsClassification,0.8625
full,all_minilm,42,retrieval,MSMARCORerankingGate,0.9935948760571434
full,all_minilm,42,retrieval,STSBenchmark.clean_exact,0.8079182842863614
full,all_minilm,42,retrieval,SICK-R.clean_exact,0.7550311232443008
full,all_minilm,42,retrieval,STS12.clean_exact,0.7230287391812665
full,all_minilm,42,retrieval,STS13.clean_exact,0.7849565568361643
full,all_minilm,42,retrieval,STS14.clean_exact,0.7603093721117488
full,all_minilm,42,classification,Banking77Classification,0.654351
full,all_minilm,42,classification,RedditClustering.v2,0.382087
full,all_minilm,42,classification,TwentyNewsgroupsClustering.v2,0.401807
full,all_minilm,42,classification,STSBenchmark,0.650024
full,all_minilm,42,classification,EmotionClassification,0.2995
full,all_minilm,42,classification,SciFact,0.33053
full,all_minilm,42,classification,BIOSSES,0.514614
full,all_minilm,42,classification,NFCorpus,0.12201
full,all_minilm,42,classification,STS14,0.570349
full,all_minilm,42,classification,AmazonCounterfactualClassification,0.6638739999999999
full,all_minilm,42,classification,ArguAna,0.20612
full,all_minilm,42,classification,STS13,0.613483
full,all_minilm,42,classification,STS12,0.565683
full,all_minilm,42,classification,FiQA2018,0.14
full,all_minilm,42,classification,SICK-R,0.656679
full,all_minilm,42,classification,MassiveIntentClassification,0.581564
full,all_minilm,42,classification,AGNewsClassification,0.8918421052631579
full,all_minilm,42,classification,MSMARCORerankingGate,0.8486362850927085
full,all_minilm,42,classification,STSBenchmark.clean_exact,0.6147882239807897
full,all_minilm,42,classification,SICK-R.clean_exact,0.6540512663498906
full,all_minilm,42,classification,STS12.clean_exact,0.5648310688020811
full,all_minilm,42,classification,STS13.clean_exact,0.6058957725480396
full,all_minilm,42,classification,STS14.clean_exact,0.5882852416661832
full,all_minilm,43,control,Banking77Classification,0.806916
full,all_minilm,43,control,RedditClustering.v2,0.454976
full,all_minilm,43,control,TwentyNewsgroupsClustering.v2,0.429244
full,all_minilm,43,control,STSBenchmark,0.832507
full,all_minilm,43,control,EmotionClassification,0.4251
full,all_minilm,43,control,SciFact,0.62113
full,all_minilm,43,control,BIOSSES,0.84464
full,all_minilm,43,control,NFCorpus,0.31589
full,all_minilm,43,control,STS14,0.772814
full,all_minilm,43,control,AmazonCounterfactualClassification,0.668151
full,all_minilm,43,control,ArguAna,0.45798
full,all_minilm,43,control,STS13,0.820698
full,all_minilm,43,control,STS12,0.735708
full,all_minilm,43,control,FiQA2018,0.35881
full,all_minilm,43,control,SICK-R,0.76781
full,all_minilm,43,control,MassiveIntentClassification,0.67243
full,all_minilm,43,control,AGNewsClassification,0.8553947368421052
full,all_minilm,43,control,MSMARCORerankingGate,0.9811299794035726
full,all_minilm,43,control,STSBenchmark.clean_exact,0.8185476137431439
full,all_minilm,43,control,SICK-R.clean_exact,0.7490537938467114
full,all_minilm,43,control,STS12.clean_exact,0.7351802781083748
full,all_minilm,43,control,STS13.clean_exact,0.8117619958178779
full,all_minilm,43,control,STS14.clean_exact,0.7728497567352209
full,all_minilm,43,m0,Banking77Classification,0.800422
full,all_minilm,43,m0,RedditClustering.v2,0.512785
full,all_minilm,43,m0,TwentyNewsgroupsClustering.v2,0.452813
full,all_minilm,43,m0,STSBenchmark,0.820325
full,all_minilm,43,m0,EmotionClassification,0.4083
full,all_minilm,43,m0,SciFact,0.62386
full,all_minilm,43,m0,BIOSSES,0.816404
full,all_minilm,43,m0,NFCorpus,0.31453
full,all_minilm,43,m0,STS14,0.755891
full,all_minilm,43,m0,AmazonCounterfactualClassification,0.635413
full,all_minilm,43,m0,ArguAna,0.48764
full,all_minilm,43,m0,STS13,0.806032
full,all_minilm,43,m0,STS12,0.72369
full,all_minilm,43,m0,FiQA2018,0.36626
full,all_minilm,43,m0,SICK-R,0.775825
full,all_minilm,43,m0,MassiveIntentClassification,0.6743790000000001
full,all_minilm,43,m0,AGNewsClassification,0.8686842105263158
full,all_minilm,43,m0,MSMARCORerankingGate,0.982844400882144
full,all_minilm,43,m0,STSBenchmark.clean_exact,0.8030627431121808
full,all_minilm,43,m0,SICK-R.clean_exact,0.7578212918877409
full,all_minilm,43,m0,STS12.clean_exact,0.7231671469890324
full,all_minilm,43,m0,STS13.clean_exact,0.8004743488857142
full,all_minilm,43,m0,STS14.clean_exact,0.759172416763367
full,all_minilm,43,sts,Banking77Classification,0.748799
full,all_minilm,43,sts,RedditClustering.v2,0.449193
full,all_minilm,43,sts,TwentyNewsgroupsClustering.v2,0.416965
full,all_minilm,43,sts,STSBenchmark,0.852655
full,all_minilm,43,sts,EmotionClassification,0.41275
full,all_minilm,43,sts,SciFact,0.58667
full,all_minilm,43,sts,BIOSSES,0.788681
full,all_minilm,43,sts,NFCorpus,0.26904
full,all_minilm,43,sts,STS14,0.809536
full,all_minilm,43,sts,AmazonCounterfactualClassification,0.6866014999999999
full,all_minilm,43,sts,ArguAna,0.47979
full,all_minilm,43,sts,STS13,0.825878
full,all_minilm,43,sts,STS12,0.761303
full,all_minilm,43,sts,FiQA2018,0.27562
full,all_minilm,43,sts,SICK-R,0.781009
full,all_minilm,43,sts,MassiveIntentClassification,0.65428
full,all_minilm,43,sts,AGNewsClassification,0.8706578947368421
full,all_minilm,43,sts,MSMARCORerankingGate,0.9785464876785728
full,all_minilm,43,sts,STSBenchmark.clean_exact,0.8346524689787819
full,all_minilm,43,sts,SICK-R.clean_exact,0.7599993150856944
full,all_minilm,43,sts,STS12.clean_exact,0.7608519646535052
full,all_minilm,43,sts,STS13.clean_exact,0.7943235005058548
full,all_minilm,43,sts,STS14.clean_exact,0.8020419945224871
full,all_minilm,43,retrieval,Banking77Classification,0.807435
full,all_minilm,43,retrieval,RedditClustering.v2,0.459409
full,all_minilm,43,retrieval,TwentyNewsgroupsClustering.v2,0.410051
full,all_minilm,43,retrieval,STSBenchmark,0.823407
full,all_minilm,43,retrieval,EmotionClassification,0.4186
full,all_minilm,43,retrieval,SciFact,0.61893
full,all_minilm,43,retrieval,BIOSSES,0.829398
full,all_minilm,43,retrieval,NFCorpus,0.30643
full,all_minilm,43,retrieval,STS14,0.760183
full,all_minilm,43,retrieval,AmazonCounterfactualClassification,0.64790075
full,all_minilm,43,retrieval,ArguAna,0.49002
full,all_minilm,43,retrieval,STS13,0.799336
full,all_minilm,43,retrieval,STS12,0.723087
full,all_minilm,43,retrieval,FiQA2018,0.36367
full,all_minilm,43,retrieval,SICK-R,0.774268
full,all_minilm,43,retrieval,MassiveIntentClassification,0.6771389999999999
full,all_minilm,43,retrieval,AGNewsClassification,0.8630263157894736
full,all_minilm,43,retrieval,MSMARCORerankingGate,0.9913567355642863
full,all_minilm,43,retrieval,STSBenchmark.clean_exact,0.8086867422415333
full,all_minilm,43,retrieval,SICK-R.clean_exact,0.7561202646707874
full,all_minilm,43,retrieval,STS12.clean_exact,0.7225372159136928
full,all_minilm,43,retrieval,STS13.clean_exact,0.7841381266133662
full,all_minilm,43,retrieval,STS14.clean_exact,0.75982116988597
full,all_minilm,43,classification,Banking77Classification,0.662273
full,all_minilm,43,classification,RedditClustering.v2,0.38413
full,all_minilm,43,classification,TwentyNewsgroupsClustering.v2,0.4033
full,all_minilm,43,classification,STSBenchmark,0.652228
full,all_minilm,43,classification,EmotionClassification,0.3025
full,all_minilm,43,classification,SciFact,0.36012
full,all_minilm,43,classification,BIOSSES,0.513042
full,all_minilm,43,classification,NFCorpus,0.13334
full,all_minilm,43,classification,STS14,0.577819
full,all_minilm,43,classification,AmazonCounterfactualClassification,0.663414
full,all_minilm,43,classification,ArguAna,0.20081
full,all_minilm,43,classification,STS13,0.622801
full,all_minilm,43,classification,STS12,0.572446
full,all_minilm,43,classification,FiQA2018,0.13778
full,all_minilm,43,classification,SICK-R,0.660515
full,all_minilm,43,classification,MassiveIntentClassification,0.585232
full,all_minilm,43,classification,AGNewsClassification,0.890921052631579
full,all_minilm,43,classification,MSMARCORerankingGate,0.8414061025621508
full,all_minilm,43,classification,STSBenchmark.clean_exact,0.6172114621321066
full,all_minilm,43,classification,SICK-R.clean_exact,0.6566590003612948
full,all_minilm,43,classification,STS12.clean_exact,0.5716094484198757
full,all_minilm,43,classification,STS13.clean_exact,0.6174090236730172
full,all_minilm,43,classification,STS14.clean_exact,0.5947711327023126
full,all_minilm,44,control,Banking77Classification,0.806429
full,all_minilm,44,control,RedditClustering.v2,0.48666
full,all_minilm,44,control,TwentyNewsgroupsClustering.v2,0.444022
full,all_minilm,44,control,STSBenchmark,0.832223
full,all_minilm,44,control,EmotionClassification,0.42075
full,all_minilm,44,control,SciFact,0.62639
full,all_minilm,44,control,BIOSSES,0.839091
full,all_minilm,44,control,NFCorpus,0.31652
full,all_minilm,44,control,STS14,0.768968
full,all_minilm,44,control,AmazonCounterfactualClassification,0.6581465
full,all_minilm,44,control,ArguAna,0.47904
full,all_minilm,44,control,STS13,0.819827
full,all_minilm,44,control,STS12,0.733154
full,all_minilm,44,control,FiQA2018,0.3657
full,all_minilm,44,control,SICK-R,0.772674
full,all_minilm,44,control,MassiveIntentClassification,0.6750025
full,all_minilm,44,control,AGNewsClassification,0.8614473684210526
full,all_minilm,44,control,MSMARCORerankingGate,0.9837371901428582
full,all_minilm,44,control,STSBenchmark.clean_exact,0.8177020189335547
full,all_minilm,44,control,SICK-R.clean_exact,0.7540642195557711
full,all_minilm,44,control,STS12.clean_exact,0.7326588162170953
full,all_minilm,44,control,STS13.clean_exact,0.8141480945439629
full,all_minilm,44,control,STS14.clean_exact,0.7700892994485146
full,all_minilm,44,m0,Banking77Classification,0.800422
full,all_minilm,44,m0,RedditClustering.v2,0.512785
full,all_minilm,44,m0,TwentyNewsgroupsClustering.v2,0.452813
full,all_minilm,44,m0,STSBenchmark,0.820325
full,all_minilm,44,m0,EmotionClassification,0.4083
full,all_minilm,44,m0,SciFact,0.62386
full,all_minilm,44,m0,BIOSSES,0.816404
full,all_minilm,44,m0,NFCorpus,0.31453
full,all_minilm,44,m0,STS14,0.755891
full,all_minilm,44,m0,AmazonCounterfactualClassification,0.635413
full,all_minilm,44,m0,ArguAna,0.48764
full,all_minilm,44,m0,STS13,0.806032
full,all_minilm,44,m0,STS12,0.72369
full,all_minilm,44,m0,FiQA2018,0.36626
full,all_minilm,44,m0,SICK-R,0.775825
full,all_minilm,44,m0,MassiveIntentClassification,0.6743790000000001
full,all_minilm,44,m0,AGNewsClassification,0.8686842105263158
full,all_minilm,44,m0,MSMARCORerankingGate,0.9832371901428583
full,all_minilm,44,m0,STSBenchmark.clean_exact,0.8030627431121808
full,all_minilm,44,m0,SICK-R.clean_exact,0.7578212918877409
full,all_minilm,44,m0,STS12.clean_exact,0.7231671469890324
full,all_minilm,44,m0,STS13.clean_exact,0.8004743488857142
full,all_minilm,44,m0,STS14.clean_exact,0.759172416763367
full,all_minilm,44,sts,Banking77Classification,0.74789
full,all_minilm,44,sts,RedditClustering.v2,0.456646
full,all_minilm,44,sts,TwentyNewsgroupsClustering.v2,0.418639
full,all_minilm,44,sts,STSBenchmark,0.853314
full,all_minilm,44,sts,EmotionClassification,0.41395
full,all_minilm,44,sts,SciFact,0.59278
full,all_minilm,44,sts,BIOSSES,0.784211
full,all_minilm,44,sts,NFCorpus,0.27047
full,all_minilm,44,sts,STS14,0.808103
full,all_minilm,44,sts,AmazonCounterfactualClassification,0.684136
full,all_minilm,44,sts,ArguAna,0.49207
full,all_minilm,44,sts,STS13,0.824196
full,all_minilm,44,sts,STS12,0.764263
full,all_minilm,44,sts,FiQA2018,0.26977
full,all_minilm,44,sts,SICK-R,0.776999
full,all_minilm,44,sts,MassiveIntentClassification,0.650147
full,all_minilm,44,sts,AGNewsClassification,0.8709210526315789
full,all_minilm,44,sts,MSMARCORerankingGate,0.979584374975932
full,all_minilm,44,sts,STSBenchmark.clean_exact,0.8360524289766486
full,all_minilm,44,sts,SICK-R.clean_exact,0.7568861175655421
full,all_minilm,44,sts,STS12.clean_exact,0.7637992195024647
full,all_minilm,44,sts,STS13.clean_exact,0.7939083211189826
full,all_minilm,44,sts,STS14.clean_exact,0.8006719289022091
full,all_minilm,44,retrieval,Banking77Classification,0.806818
full,all_minilm,44,retrieval,RedditClustering.v2,0.453296
full,all_minilm,44,retrieval,TwentyNewsgroupsClustering.v2,0.411073
full,all_minilm,44,retrieval,STSBenchmark,0.82282
full,all_minilm,44,retrieval,EmotionClassification,0.4201
full,all_minilm,44,retrieval,SciFact,0.61558
full,all_minilm,44,retrieval,BIOSSES,0.834627
full,all_minilm,44,retrieval,NFCorpus,0.3057
full,all_minilm,44,retrieval,STS14,0.760732
full,all_minilm,44,retrieval,AmazonCounterfactualClassification,0.64967975
full,all_minilm,44,retrieval,ArguAna,0.48913
full,all_minilm,44,retrieval,STS13,0.800982
full,all_minilm,44,retrieval,STS12,0.722548
full,all_minilm,44,retrieval,FiQA2018,0.36708
full,all_minilm,44,retrieval,SICK-R,0.774899
full,all_minilm,44,retrieval,MassiveIntentClassification,0.6763695000000001
full,all_minilm,44,retrieval,AGNewsClassification,0.8609210526315789
full,all_minilm,44,retrieval,MSMARCORerankingGate,0.9918804545785721
full,all_minilm,44,retrieval,STSBenchmark.clean_exact,0.8077959312860808
full,all_minilm,44,retrieval,SICK-R.clean_exact,0.7566630996899015
full,all_minilm,44,retrieval,STS12.clean_exact,0.7220047970903927
full,all_minilm,44,retrieval,STS13.clean_exact,0.7873120024372507
full,all_minilm,44,retrieval,STS14.clean_exact,0.7607470506094499
full,all_minilm,44,classification,Banking77Classification,0.655974
full,all_minilm,44,classification,RedditClustering.v2,0.379266
full,all_minilm,44,classification,TwentyNewsgroupsClustering.v2,0.398336
full,all_minilm,44,classification,STSBenchmark,0.654188
full,all_minilm,44,classification,EmotionClassification,0.29965
full,all_minilm,44,classification,SciFact,0.36214
full,all_minilm,44,classification,BIOSSES,0.501162
full,all_minilm,44,classification,NFCorpus,0.1272
full,all_minilm,44,classification,STS14,0.575737
full,all_minilm,44,classification,AmazonCounterfactualClassification,0.66182275
full,all_minilm,44,classification,ArguAna,0.21169
full,all_minilm,44,classification,STS13,0.61729
full,all_minilm,44,classification,STS12,0.570837
full,all_minilm,44,classification,FiQA2018,0.14153
full,all_minilm,44,classification,SICK-R,0.665327
full,all_minilm,44,classification,MassiveIntentClassification,0.5821099999999999
full,all_minilm,44,classification,AGNewsClassification,0.8890789473684211
full,all_minilm,44,classification,MSMARCORerankingGate,0.8346439869476586
full,all_minilm,44,classification,STSBenchmark.clean_exact,0.6196504282511176
full,all_minilm,44,classification,SICK-R.clean_exact,0.6600073060577385
full,all_minilm,44,classification,STS12.clean_exact,0.5700305832342173
full,all_minilm,44,classification,STS13.clean_exact,0.6068572864391589
full,all_minilm,44,classification,STS14.clean_exact,0.5929577029481796
