model,seed,branch,classification_inter_distance,classification_intra_distance,classification_margin,cosine_std,dimension,effective_rank,hubness_skew_k10,mean_cosine,neighborhood_preservation,participation_ratio,retrieval_margin,retrieval_negative_cosine,retrieval_positive_cosine,sample_size,sts_alignment,sts_mean_cosine,top10_eigenvalue_share,top_eigenvalue_share,uniformity
raw_minilm,42,m0,0.7709321975708008,0.6536048054695129,0.11732739210128784,0.1299644559621811,384.0,101.5591812133789,0.9208225148854537,0.02326846681535244,1.0,58.161107254744984,0.04995857924222946,0.12204714864492416,0.17200574278831482,10000.0,0.24098850786685944,0.7869736552238464,0.31378865242004395,0.05343044921755791,-3.762267827987671
raw_minilm,42,control,0.7688776254653931,0.6668210625648499,0.10205656290054321,0.11737527698278427,384.0,120.43962860107422,1.0428413145174018,0.011560237966477871,0.60752,72.62237364283062,0.05556084215641022,0.13207969069480896,0.18764054775238037,10000.0,0.2659724950790405,0.7708648443222046,0.26750242710113525,0.0427095890045166,-3.8370518684387207
raw_minilm,42,sts,0.27382081747055054,0.2300536036491394,0.04376721382141113,0.06522782146930695,384.0,97.7636489868164,2.5189348649916234,0.6935056447982788,0.29791000000000006,55.87925527671737,0.0240425206720829,0.7145318984985352,0.7385744452476501,10000.0,0.06450269371271133,0.9120997786521912,0.3366249203681946,0.04884834215044975,-1.1931170225143433
raw_minilm,42,classification,0.25900888442993164,0.04479343444108963,0.214215449988842,0.08803163468837738,384.0,13.820038795471191,1.7990854550434532,0.8562639355659485,0.11022,4.656995150458588,0.007203655783087015,0.8727427124977112,0.8799462914466858,10000.0,0.02770824357867241,0.9714314937591553,0.7951542139053345,0.4141339361667633,-0.5201129913330078
raw_minilm,42,retrieval,0.847809910774231,0.7174614667892456,0.13034844398498535,0.12995122373104095,384.0,99.45574951171875,1.4648176430361657,0.09610749036073685,0.24423000000000003,58.81214959634772,0.18414312601089478,0.44024455547332764,0.6243876814842224,10000.0,0.22457483410835266,0.7566642761230469,0.3176739811897278,0.045272137969732285,-3.473285675048828
raw_minilm,43,m0,0.7727940082550049,0.6528167724609375,0.11997723579406738,0.13088110089302063,384.0,99.05516052246094,0.9203791450957051,0.0211463775485754,1.0,56.83560150123581,0.04919610172510147,0.12403545528650284,0.17323154211044312,10000.0,0.23669852316379547,0.7913326025009155,0.3199869692325592,0.05285044014453888,-3.7681241035461426
raw_minilm,43,control,0.7849096059799194,0.6808797121047974,0.10402989387512207,0.11877398192882538,384.0,117.48197174072266,1.1182515343475794,0.01304338127374649,0.61149,70.69847750712285,0.0549917109310627,0.1293361335992813,0.1843278706073761,10000.0,0.26775050163269043,0.7688636183738708,0.2725769579410553,0.043169546872377396,-3.8279359340667725
raw_minilm,43,sts,0.27559009194374084,0.23178784549236298,0.04380224645137787,0.06664999574422836,384.0,94.17263793945312,2.4461311266491887,0.6939411163330078,0.29031,53.35282026289297,0.023302316665649414,0.7199559807777405,0.7432582378387451,10000.0,0.06324715912342072,0.9135414361953735,0.3478448987007141,0.05160714313387871,-1.1899584531784058
raw_minilm,43,classification,0.2563830614089966,0.045035067945718765,0.21134799346327782,0.08648370206356049,384.0,13.926454544067383,1.6714581356370997,0.8511929512023926,0.10805,4.766494751684534,0.006842140574008226,0.8652274012565613,0.8720696568489075,10000.0,0.026888864114880562,0.9714829325675964,0.7961001396179199,0.40615275502204895,-0.5414291620254517
raw_minilm,43,retrieval,0.8563106656074524,0.728214681148529,0.12809598445892334,0.12906919419765472,384.0,98.93663024902344,1.4014207943932369,0.08905716985464096,0.25959,58.60263839739907,0.18317438662052155,0.4461241066455841,0.6292985081672668,10000.0,0.22303710877895355,0.7583252191543579,0.3184758424758911,0.044724710285663605,-3.5022244453430176
raw_minilm,44,m0,0.7551175355911255,0.6427533626556396,0.11236417293548584,0.1303088366985321,384.0,100.60334777832031,0.9562396385883974,0.02441442385315895,1.0,57.496403700775105,0.04796379432082176,0.11808791756629944,0.1660517156124115,10000.0,0.2377648949623108,0.791912317276001,0.3192436695098877,0.05263682082295418,-3.757115364074707
raw_minilm,44,control,0.7697659730911255,0.6627079844474792,0.10705798864364624,0.1189185380935669,384.0,116.36618041992188,1.0719604786019867,0.012289016507565975,0.6086699999999999,69.662969950506,0.05477970466017723,0.13799947500228882,0.19277915358543396,10000.0,0.2621702551841736,0.7728108763694763,0.27677056193351746,0.0419776476919651,-3.830998182296753
raw_minilm,44,sts,0.26523616909980774,0.2238411009311676,0.04139506816864014,0.06435803323984146,384.0,98.0692367553711,2.5032000674573616,0.6936448216438293,0.3085,56.42859998262459,0.023198001086711884,0.7150400876998901,0.7382380366325378,10000.0,0.06480728089809418,0.9126883745193481,0.3344520330429077,0.047862738370895386,-1.1933887004852295
raw_minilm,44,classification,0.251682847738266,0.043647781014442444,0.20803506672382355,0.08540073037147522,384.0,13.467768669128418,1.705969079077129,0.8564971089363098,0.10394,4.620103837103571,0.006828970275819302,0.8674730062484741,0.8743019700050354,10000.0,0.02763313055038452,0.9713394045829773,0.8013904094696045,0.41338926553726196,-0.521676778793335
raw_minilm,44,retrieval,0.8533547520637512,0.7253475785255432,0.128007173538208,0.12904995679855347,384.0,98.583251953125,1.4657373777860083,0.08443788439035416,0.24485,58.252071752492895,0.18450243771076202,0.4444388449192047,0.6289412379264832,10000.0,0.22429870069026947,0.7579317092895508,0.318783164024353,0.04527696594595909,-3.521446466445923
all_minilm,42,m0,0.9633151292800903,0.8775431513786316,0.08577197790145874,0.08652155846357346,384.0,203.61087036132812,1.6685527377486646,0.043051283806562424,1.0,134.13811289384162,0.20274612307548523,0.5355883836746216,0.7383344769477844,10000.0,0.27814561128616333,0.6500272750854492,0.18197417259216309,0.03008764423429966,-3.7631335258483887
all_minilm,42,control,0.9722307324409485,0.9204731583595276,0.0517575740814209,0.07088514417409897,384.0,243.43283081054688,1.2002912818005622,0.0033106468617916107,0.4542,195.85063654939205,0.20148256421089172,0.47067421674728394,0.6721567511558533,10000.0,0.33507534861564636,0.6081929802894592,0.10987301915884018,0.013888716697692871,-3.9450416564941406
all_minilm,42,sts,0.3600308895111084,0.31764742732048035,0.04238346219062805,0.0686885342001915,384.0,172.20603942871094,4.107162015927619,0.6283057928085327,0.38254,98.88582761196778,0.09269990026950836,0.7435678839683533,0.8362677693367004,10000.0,0.0921068862080574,0.8743731379508972,0.23608580231666565,0.03905848413705826,-1.4507184028625488
all_minilm,42,classification,0.25726252794265747,0.0734291821718216,0.18383334577083588,0.0819474309682846,384.0,45.75993728637695,2.6294609710718557,0.8100769519805908,0.13479000000000002,10.805036024368032,0.03156355395913124,0.7584806084632874,0.7900441288948059,10000.0,0.07651229947805405,0.9005255699157715,0.5858566164970398,0.26127099990844727,-0.7109525203704834
all_minilm,42,retrieval,0.963205099105835,0.8930817246437073,0.07012337446212769,0.081441231071949,384.0,219.2616729736328,1.6121799039338378,0.03610987216234207,0.67385,153.87035527415375,0.2621751129627228,0.4573287069797516,0.7195038795471191,10000.0,0.3207213282585144,0.624462366104126,0.15925781428813934,0.024165652692317963,-3.7991280555725098
all_minilm,43,m0,0.9634212255477905,0.8773184418678284,0.08610278367996216,0.0864267647266388,384.0,203.61087036132812,1.6685527377486646,0.042331937700510025,1.0,134.13811289384162,0.20274612307548523,0.5355883836746216,0.7383344769477844,10000.0,0.27814561128616333,0.6500272750854492,0.18197417259216309,0.03008764423429966,-3.7660415172576904
all_minilm,43,control,0.9713100790977478,0.9197392463684082,0.0515708327293396,0.07162076979875565,384.0,241.22108459472656,1.3467798231994461,0.004918800666928291,0.44319,191.50494630331963,0.20210105180740356,0.46778345108032227,0.6698845028877258,10000.0,0.32659921050071716,0.6117227077484131,0.11514847725629807,0.01522953249514103,-3.9376659393310547
all_minilm,43,sts,0.3527001142501831,0.3108496069908142,0.041850507259368896,0.06552645564079285,384.0,173.09854125976562,4.9692734144319886,0.6452285051345825,0.37582,100.61113286172908,0.08918247371912003,0.7520288228988647,0.8412112593650818,10000.0,0.0893913060426712,0.8778578042984009,0.2325771600008011,0.0380532331764698,-1.3861041069030762
all_minilm,43,classification,0.25480812788009644,0.0733191967010498,0.18148893117904663,0.0817781463265419,384.0,46.75367736816406,2.5111719676660265,0.8063735365867615,0.13574,11.278732746521605,0.03422313556075096,0.7486951947212219,0.782918393611908,10000.0,0.07865942269563675,0.896832287311554,0.5835384130477905,0.25071030855178833,-0.7256742119789124
all_minilm,43,retrieval,0.9656923413276672,0.8955879211425781,0.07010442018508911,0.08148081600666046,384.0,218.78639221191406,1.6286472980631845,0.03441706672310829,0.68095,153.14997183060947,0.2608080506324768,0.4609803855419159,0.7217883467674255,10000.0,0.3207440972328186,0.6244202256202698,0.16008661687374115,0.024425476789474487,-3.8056893348693848
all_minilm,44,m0,0.9630271792411804,0.8755060434341431,0.08752113580703735,0.08612614125013351,384.0,203.61087036132812,1.6685527377486646,0.0422806441783905,1.0,134.13811289384162,0.20274612307548523,0.5355883836746216,0.7383344769477844,10000.0,0.27814561128616333,0.6500272750854492,0.18197417259216309,0.03008764423429966,-3.76702880859375
all_minilm,44,control,0.973540723323822,0.913480281829834,0.06006044149398804,0.07327277958393097,384.0,235.63760375976562,1.4221470140572494,0.004261189140379429,0.56445,181.4466161857146,0.2024165689945221,0.49415338039398193,0.6965699791908264,10000.0,0.31563127040863037,0.6215264797210693,0.12731602787971497,0.01788758859038353,-3.938084125518799
all_minilm,44,sts,0.36076995730400085,0.3173469305038452,0.04342302680015564,0.06621913611888885,384.0,176.79791259765625,4.7590155639829845,0.6297309994697571,0.37377,103.8436872723982,0.09109589457511902,0.7424673438072205,0.8335631489753723,10000.0,0.09231704473495483,0.8745022416114807,0.22759179770946503,0.03709723800420761,-1.4474163055419922
all_minilm,44,classification,0.25324657559394836,0.07175222784280777,0.1814943477511406,0.08190403133630753,384.0,45.92147445678711,2.5502725702820586,0.8099676370620728,0.13688000000000003,10.831497951193112,0.031951893121004105,0.7512779235839844,0.7832297682762146,10000.0,0.07771889865398407,0.8973225951194763,0.584882378578186,0.2595508396625519,-0.7113597989082336
all_minilm,44,retrieval,0.965971827507019,0.8938326239585876,0.0721392035484314,0.08123855292797089,384.0,218.79190063476562,1.6086200871704188,0.03496384620666504,0.6733600000000001,153.0953664373856,0.26144155859947205,0.4594041705131531,0.7208456993103027,10000.0,0.32065677642822266,0.6242794990539551,0.16025467216968536,0.024594195187091827,-3.8040413856506348
