seed,branch,family,observed_delta,expected_linear_delta,interaction_residual
42,mix_s000_c000_r100,sts,0.0005660229809314,0.0005660229809314,0.0
42,mix_s000_c020_r080,sts,-0.0076669709057569,-0.0384475756125784,0.0307806047068215
42,mix_s000_c040_r060,sts,-0.0537007081930054,-0.0774611742060883,0.0237604660130828
42,mix_s000_c060_r040,sts,-0.0967168957326701,-0.1164747727995981,0.0197578770669279
42,mix_s000_c080_r020,sts,-0.1356380292121029,-0.155488371393108,0.019850342181005
42,mix_s000_c100_r000,sts,-0.1945019699866178,-0.1945019699866178,0.0
42,mix_s020_c000_r080,sts,0.0033118568574171,0.0021818841445387,0.0011299727128784
42,mix_s020_c020_r060,sts,-0.0245579081102952,-0.0368317144489711,0.0122738063386758
42,mix_s020_c040_r040,sts,-0.0659248804716933,-0.0758453130424809,0.0099204325707875
42,mix_s020_c060_r020,sts,-0.106282482866082,-0.1148589116359908,0.0085764287699087
42,mix_s020_c080_r000,sts,-0.1140788669444695,-0.1538725102295007,0.0397936432850311
42,mix_s040_c000_r060,sts,-0.0011112147933226,0.0037977453081461,-0.0049089601014687
42,mix_s040_c020_r040,sts,-0.0314517378177022,-0.0352158532853637,0.0037641154676614
42,mix_s040_c040_r020,sts,-0.0598309909699611,-0.0742294518788736,0.0143984609089124
42,mix_s040_c060_r000,sts,-0.0529935166812348,-0.1132430504723834,0.0602495337911486
42,mix_s060_c000_r040,sts,-0.0030452876670034,0.0054136064717534,-0.0084588941387569
42,mix_s060_c020_r020,sts,-0.0273112870592687,-0.0335999921217564,0.0062887050624876
42,mix_s060_c040_r000,sts,-0.0238986235164547,-0.0726135907152662,0.0487149671988114
42,mix_s080_c000_r020,sts,-0.0068948921547747,0.0070294676353608,-0.0139243597901355
42,mix_s080_c020_r000,sts,-0.0027457939331915,-0.031984130958149,0.0292383370249575
42,mix_s100_c000_r000,sts,0.0086453287989681,0.0086453287989681,0.0
42,mix_s033_c033_r033,sts,-0.0568593355449781,-0.0617635394022394,0.0049042038572612
42,mix_s000_c000_r100,classification,0.0044026526315789,0.0044026526315789,0.0
42,mix_s000_c020_r080,classification,0.005992597368421,-0.008407977368421,0.014400574736842
42,mix_s000_c040_r060,classification,-0.0010867894736842,-0.021218607368421,0.0201318178947368
42,mix_s000_c060_r040,classification,-0.0125057921052632,-0.034029237368421,0.0215234452631578
42,mix_s000_c080_r020,classification,-0.0283850263157894,-0.046839867368421,0.0184548410526315
42,mix_s000_c100_r000,classification,-0.059650497368421,-0.059650497368421,0.0
42,mix_s020_c000_r080,classification,0.0087826605263157,0.0029439110526315,0.0058387494736842
42,mix_s020_c020_r060,classification,0.0086452342105263,-0.0098667189473684,0.0185119531578947
42,mix_s020_c040_r040,classification,-0.0054918394736842,-0.0226773489473684,0.0171855094736842
42,mix_s020_c060_r020,classification,-0.0222407289473684,-0.0354879789473684,0.0132472499999999
42,mix_s020_c080_r000,classification,-0.0523761421052631,-0.0482986089473684,-0.0040775331578947
42,mix_s040_c000_r060,classification,0.0110931552631578,0.0014851694736841,0.0096079857894736
42,mix_s040_c020_r040,classification,0.0057025394736841,-0.0113254605263158,0.0170279999999999
42,mix_s040_c040_r020,classification,-0.0128945184210526,-0.0241360905263158,0.0112415721052631
42,mix_s040_c060_r000,classification,-0.0373534736842105,-0.0369467205263158,-0.0004067531578947
42,mix_s060_c000_r040,classification,0.0086694552631578,2.642789473680275e-05,0.008643027368421
42,mix_s060_c020_r020,classification,-0.0032380368421052,-0.0127842021052631,0.0095461652631578
42,mix_s060_c040_r000,classification,-0.0212719684210526,-0.0255948321052631,0.0043228636842105
42,mix_s080_c000_r020,classification,0.0024741289473683,-0.0014323136842105,0.0039064426315789
42,mix_s080_c020_r000,classification,-0.008307947368421,-0.0142429436842105,0.0059349963157894
42,mix_s100_c000_r000,classification,-0.0028910552631579,-0.0028910552631579,0.0
42,mix_s033_c033_r033,classification,-0.0036963842105263,-0.0193796333333333,0.015683249122807
42,mix_s000_c000_r100,classification_transfer,0.0068519999999999,0.0068519999999999,0.0
42,mix_s000_c020_r080,classification_transfer,0.0067670624999999,-0.0105362875,0.0173033499999999
42,mix_s000_c040_r060,classification_transfer,-0.00408875,-0.027924575,0.0238358249999999
42,mix_s000_c060_r040,classification_transfer,-0.0197111875,-0.0453128625,0.0256016749999999
42,mix_s000_c080_r020,classification_transfer,-0.040218125,-0.06270115,0.022483025
42,mix_s000_c100_r000,classification_transfer,-0.0800894375,-0.0800894375,0.0
42,mix_s020_c000_r080,classification_transfer,0.0113730625,0.0047193624999999,0.0066537
42,mix_s020_c020_r060,classification_transfer,0.0089644374999999,-0.012668925,0.0216333625
42,mix_s020_c040_r040,classification_transfer,-0.0095950625,-0.0300572125,0.02046215
42,mix_s020_c060_r020,classification_transfer,-0.0320114375,-0.0474455,0.0154340624999999
42,mix_s020_c080_r000,classification_transfer,-0.070174125,-0.0648337875,-0.0053403374999999
42,mix_s040_c000_r060,classification_transfer,0.0128138124999999,0.0025867249999999,0.0102270874999999
42,mix_s040_c020_r040,classification_transfer,0.0048584374999999,-0.0148015625,0.01966
42,mix_s040_c040_r020,classification_transfer,-0.0193089374999999,-0.03218985,0.0128809125
42,mix_s040_c060_r000,classification_transfer,-0.050705,-0.0495781375,-0.0011268624999999
42,mix_s060_c000_r040,classification_transfer,0.0097841874999999,0.0004540874999999,0.0093300999999999
42,mix_s060_c020_r020,classification_transfer,-0.006679125,-0.0169342,0.010255075
42,mix_s060_c040_r000,classification_transfer,-0.02978075,-0.0343224875,0.0045417375
42,mix_s080_c000_r020,classification_transfer,0.0023031874999999,-0.00167855,0.0039817374999999
42,mix_s080_c020_r000,classification_transfer,-0.01278625,-0.0190668375,0.0062805875
42,mix_s100_c000_r000,classification_transfer,-0.0038111875,-0.0038111875,0.0
42,mix_s033_c033_r033,classification_transfer,-0.007153375,-0.025682875,0.0185295
42,mix_s000_c000_r100,clustering,-0.0412455,-0.0412455,0.0
42,mix_s000_c020_r080,clustering,-0.054048,-0.0532811,-0.0007668999999999
42,mix_s000_c040_r060,clustering,-0.068481,-0.0653167,-0.0031642999999999
42,mix_s000_c060_r040,clustering,-0.072627,-0.0773523,0.0047253
42,mix_s000_c080_r020,clustering,-0.0823745,-0.0893879,0.0070134
42,mix_s000_c100_r000,clustering,-0.1014235,-0.1014235,0.0
42,mix_s020_c000_r080,clustering,-0.032983,-0.043057,0.010074
42,mix_s020_c020_r060,clustering,-0.0503939999999999,-0.0550926,0.0046986
42,mix_s020_c040_r040,clustering,-0.0494705,-0.0671282,0.0176577
42,mix_s020_c060_r020,clustering,-0.0671394999999999,-0.0791638,0.0120243
42,mix_s020_c080_r000,clustering,-0.076021,-0.0911994,0.0151784
42,mix_s040_c000_r060,clustering,-0.025376,-0.0448685,0.0194925
42,mix_s040_c020_r040,clustering,-0.047851,-0.0569041,0.0090531
42,mix_s040_c040_r020,clustering,-0.0519415,-0.0689397,0.0169982
42,mix_s040_c060_r000,clustering,-0.059756,-0.0809753,0.0212192999999999
42,mix_s060_c000_r040,clustering,-0.0428495,-0.04668,0.0038305
42,mix_s060_c020_r020,clustering,-0.0443975,-0.0587156,0.0143181
42,mix_s060_c040_r000,clustering,-0.0388685,-0.0707512,0.0318826999999999
42,mix_s080_c000_r020,clustering,-0.0513649999999999,-0.0484915,-0.0028734999999999
42,mix_s080_c020_r000,clustering,-0.037013,-0.0605271,0.0235140999999999
42,mix_s100_c000_r000,clustering,-0.050303,-0.050303,0.0
42,mix_s033_c033_r033,clustering,-0.051466,-0.064324,0.0128579999999999
42,mix_s000_c000_r100,retrieval,-0.0028999999999999,-0.0028999999999999,0.0
42,mix_s000_c020_r080,retrieval,-0.0090599999999999,-0.0549709999999999,0.045911
42,mix_s000_c040_r060,retrieval,-0.0228349999999999,-0.1070419999999999,0.084207
42,mix_s000_c060_r040,retrieval,-0.0495674999999999,-0.159113,0.1095455
42,mix_s000_c080_r020,retrieval,-0.0910499999999999,-0.211184,0.120134
42,mix_s000_c100_r000,retrieval,-0.263255,-0.263255,0.0
42,mix_s020_c000_r080,retrieval,0.00244,-0.0096364999999999,0.0120764999999999
42,mix_s020_c020_r060,retrieval,-0.0114524999999999,-0.0617074999999999,0.050255
42,mix_s020_c040_r040,retrieval,-0.030355,-0.1137784999999999,0.0834234999999999
42,mix_s020_c060_r020,retrieval,-0.0750399999999999,-0.1658495,0.0908095
42,mix_s020_c080_r000,retrieval,-0.1966774999999999,-0.2179205,0.021243
42,mix_s040_c000_r060,retrieval,-0.0010499999999999,-0.0163729999999999,0.0153229999999999
42,mix_s040_c020_r040,retrieval,-0.0129824999999999,-0.0684439999999999,0.0554614999999999
42,mix_s040_c040_r020,retrieval,-0.0534124999999999,-0.120515,0.0671025
42,mix_s040_c060_r000,retrieval,-0.1333299999999999,-0.172586,0.039256
42,mix_s060_c000_r040,retrieval,-0.0068599999999999,-0.0231094999999999,0.0162494999999999
42,mix_s060_c020_r020,retrieval,-0.0357849999999999,-0.0751804999999999,0.0393955
42,mix_s060_c040_r000,retrieval,-0.1004624999999999,-0.1272515,0.026789
42,mix_s080_c000_r020,retrieval,-0.0242549999999999,-0.0298459999999999,0.005591
42,mix_s080_c020_r000,retrieval,-0.0700699999999999,-0.0819169999999999,0.011847
42,mix_s100_c000_r000,retrieval,-0.0365824999999999,-0.0365824999999999,0.0
42,mix_s033_c033_r033,retrieval,-0.0343899999999999,-0.1009124999999999,0.0665225
43,mix_s000_c000_r100,sts,0.0001275415515433,0.0001275415515433,0.0
43,mix_s000_c020_r080,sts,-0.0105506424725964,-0.0387506360189997,0.0281999935464032
43,mix_s000_c040_r060,sts,-0.0582922910915026,-0.0776288135895428,0.0193365224980401
43,mix_s000_c060_r040,sts,-0.0995249202571843,-0.1165069911600858,0.0169820709029015
43,mix_s000_c080_r020,sts,-0.1265027576960345,-0.1553851687306289,0.0288824110345944
43,mix_s000_c100_r000,sts,-0.194263346301172,-0.194263346301172,0.0
43,mix_s020_c000_r080,sts,0.0013449330064941,0.002815011350235,-0.0014700783437409
43,mix_s020_c020_r060,sts,-0.0269346507130749,-0.036063166220308,0.009128515507233
43,mix_s020_c040_r040,sts,-0.0667880633332567,-0.0749413437908511,0.0081532804575944
43,mix_s020_c060_r020,sts,-0.0936593072798278,-0.1138195213613942,0.0201602140815664
43,mix_s020_c080_r000,sts,-0.1111803341543258,-0.1526976989319373,0.0415173647776115
43,mix_s040_c000_r060,sts,-0.0001218515517813,0.0055024811489266,-0.005624332700708
43,mix_s040_c020_r040,sts,-0.0310294165246756,-0.0333756964216164,0.0023462798969407
43,mix_s040_c040_r020,sts,-0.0541774414527198,-0.0722538739921595,0.0180764325394396
43,mix_s040_c060_r000,sts,-0.0568067211583859,-0.1111320515627025,0.0543253304043166
43,mix_s060_c000_r040,sts,-0.0030138598147809,0.0081899509476183,-0.0112038107623992
43,mix_s060_c020_r020,sts,-0.0202883242559146,-0.0306882266229247,0.0103999023670101
43,mix_s060_c040_r000,sts,-0.0246450635082524,-0.0695664041934678,0.0449213406852154
43,mix_s080_c000_r020,sts,0.0002411389562012,0.0108774207463099,-0.0106362817901086
43,mix_s080_c020_r000,sts,-0.0028193141281371,-0.0280007568242331,0.025181442696096
43,mix_s100_c000_r000,sts,0.0135648905450016,0.0135648905450016,0.0
43,mix_s033_c033_r033,sts,-0.0563408292098984,-0.0601903047348756,0.0038494755249772
43,mix_s000_c000_r100,classification,0.0052744921052631,0.0052744921052631,0.0
43,mix_s000_c020_r080,classification,0.0059165210526315,-0.0073001515789473,0.0132166726315789
43,mix_s000_c040_r060,classification,-0.002864997368421,-0.0198747952631579,0.0170097978947368
43,mix_s000_c060_r040,classification,-0.0155792315789473,-0.0324494389473684,0.016870207368421
43,mix_s000_c080_r020,classification,-0.0261820026315789,-0.0450240826315789,0.0188420799999999
43,mix_s000_c100_r000,classification,-0.0575987263157894,-0.0575987263157894,0.0
43,mix_s020_c000_r080,classification,0.0093225026315789,0.0035883584210526,0.0057341442105262
43,mix_s020_c020_r060,classification,0.0062294289473683,-0.0089862852631579,0.0152157142105262
43,mix_s020_c040_r040,classification,-0.0053277342105263,-0.0215609289473684,0.016233194736842
43,mix_s020_c060_r020,classification,-0.0243589315789473,-0.0341355726315789,0.0097766410526315
43,mix_s020_c080_r000,classification,-0.0503510052631579,-0.0467102163157894,-0.0036407889473684
43,mix_s040_c000_r060,classification,0.0110297210526315,0.001902224736842,0.0091274963157894
43,mix_s040_c020_r040,classification,0.0053981447368421,-0.0106724189473684,0.0160705636842105
43,mix_s040_c040_r020,classification,-0.0148699815789473,-0.0232470626315789,0.0083770810526315
43,mix_s040_c060_r000,classification,-0.0342096026315789,-0.0358217063157894,0.0016121036842104
43,mix_s060_c000_r040,classification,0.0106249605263157,0.0002160910526315,0.0104088694736841
43,mix_s060_c020_r020,classification,-0.0007391815789473,-0.0123585526315789,0.0116193710526315
43,mix_s060_c040_r000,classification,-0.013738147368421,-0.0249331963157894,0.0111950489473683
43,mix_s080_c000_r020,classification,0.0024814342105262,-0.0014700426315789,0.0039514768421052
43,mix_s080_c020_r000,classification,-0.0079671236842105,-0.0140446863157894,0.0060775626315789
43,mix_s100_c000_r000,classification,-0.0031561763157894,-0.0031561763157894,0.0
43,mix_s033_c033_r033,classification,-0.00445155,-0.0184934701754386,0.0140419201754385
43,mix_s000_c000_r100,classification_transfer,0.0081720624999999,0.0081720624999999,0.0
43,mix_s000_c020_r080,classification_transfer,0.0063101249999999,-0.0088094,0.0151195249999999
43,mix_s000_c040_r060,classification_transfer,-0.0066075624999999,-0.0257908624999999,0.0191833
43,mix_s000_c060_r040,classification_transfer,-0.0237832499999999,-0.0427723249999999,0.0189890749999999
43,mix_s000_c080_r020,classification_transfer,-0.0378261875,-0.0597537874999999,0.0219275999999999
43,mix_s000_c100_r000,classification_transfer,-0.0767352499999999,-0.0767352499999999,0.0
43,mix_s020_c000_r080,classification_transfer,0.0117518124999999,0.0056762374999999,0.0060755749999999
43,mix_s020_c020_r060,classification_transfer,0.0057473124999999,-0.0113052249999999,0.0170525374999999
43,mix_s020_c040_r040,classification_transfer,-0.0098175625,-0.0282866874999999,0.0184691249999999
43,mix_s020_c060_r020,classification_transfer,-0.034757875,-0.0452681499999999,0.0105102749999999
43,mix_s020_c080_r000,classification_transfer,-0.067511125,-0.0622496124999999,-0.0052615125
43,mix_s040_c000_r060,classification_transfer,0.0127016249999999,0.0031804125,0.0095212124999999
43,mix_s040_c020_r040,classification_transfer,0.0046753125,-0.0138010499999999,0.0184763624999999
43,mix_s040_c040_r020,classification_transfer,-0.0216466874999999,-0.0307825124999999,0.0091358249999999
43,mix_s040_c060_r000,classification_transfer,-0.0466106875,-0.0477639749999999,0.0011532874999999
43,mix_s060_c000_r040,classification_transfer,0.0124259374999999,0.0006845875,0.0117413499999999
43,mix_s060_c020_r020,classification_transfer,-0.0033581874999999,-0.0162968749999999,0.0129386874999999
43,mix_s060_c040_r000,classification_transfer,-0.020199,-0.0332783374999999,0.0130793374999999
43,mix_s080_c000_r020,classification_transfer,0.0018846874999999,-0.0018112374999999,0.0036959249999999
43,mix_s080_c020_r000,classification_transfer,-0.0120970625,-0.0187926999999999,0.0066956374999999
43,mix_s100_c000_r000,classification_transfer,-0.0043070624999999,-0.0043070624999999,0.0
43,mix_s033_c033_r033,classification_transfer,-0.0080644375,-0.0242900833333333,0.0162256458333332
43,mix_s000_c000_r100,clustering,-0.045075,-0.045075,0.0
43,mix_s000_c020_r080,clustering,-0.058006,-0.0550225,-0.0029835
43,mix_s000_c040_r060,clustering,-0.0700175,-0.06497,-0.0050474999999999
43,mix_s000_c060_r040,clustering,-0.0815185,-0.0749175,-0.006601
43,mix_s000_c080_r020,clustering,-0.074929,-0.084865,0.009936
43,mix_s000_c100_r000,clustering,-0.0948125,-0.0948125,0.0
43,mix_s020_c000_r080,clustering,-0.030637,-0.0455635,0.0149264999999999
43,mix_s020_c020_r060,clustering,-0.0482725,-0.055511,0.0072384999999999
43,mix_s020_c040_r040,clustering,-0.055226,-0.0654585,0.0102325
43,mix_s020_c060_r020,clustering,-0.06367,-0.075406,0.011736
43,mix_s020_c080_r000,clustering,-0.077572,-0.0853535,0.0077814999999999
43,mix_s040_c000_r060,clustering,-0.03172,-0.046052,0.014332
43,mix_s040_c020_r040,clustering,-0.0460605,-0.0559995,0.009939
43,mix_s040_c040_r020,clustering,-0.0502045,-0.065947,0.0157425
43,mix_s040_c060_r000,clustering,-0.0625015,-0.0758945,0.013393
43,mix_s060_c000_r040,clustering,-0.0380564999999999,-0.0465405,0.008484
43,mix_s060_c020_r020,clustering,-0.039978,-0.056488,0.01651
43,mix_s060_c040_r000,clustering,-0.0496324999999999,-0.0664355,0.016803
43,mix_s080_c000_r020,clustering,-0.046038,-0.047029,0.0009909999999999
43,mix_s080_c020_r000,clustering,-0.039073,-0.0569765,0.0179035
43,mix_s100_c000_r000,clustering,-0.0475175,-0.0475175,0.0
43,mix_s033_c033_r033,clustering,-0.0524965,-0.0624683333333333,0.0099718333333333
43,mix_s000_c000_r100,retrieval,-0.0041049999999999,-0.0041049999999999,0.0
43,mix_s000_c020_r080,retrieval,-0.0085849999999999,-0.05423,0.045645
43,mix_s000_c040_r060,retrieval,-0.0254349999999999,-0.104355,0.07892
43,mix_s000_c060_r040,retrieval,-0.0558824999999999,-0.15448,0.0985975
43,mix_s000_c080_r020,retrieval,-0.089375,-0.204605,0.11523
43,mix_s000_c100_r000,retrieval,-0.25473,-0.25473,0.0
43,mix_s020_c000_r080,retrieval,-0.0005424999999999,-0.0118874999999999,0.011345
43,mix_s020_c020_r060,retrieval,-0.0137499999999999,-0.0620125,0.0482625
43,mix_s020_c040_r040,retrieval,-0.0358249999999999,-0.1121375,0.0763125
43,mix_s020_c060_r020,retrieval,-0.07574,-0.1622625,0.0865225
43,mix_s020_c080_r000,retrieval,-0.191305,-0.2123875,0.0210825
43,mix_s040_c000_r060,retrieval,-0.0018549999999999,-0.0196699999999999,0.017815
43,mix_s040_c020_r040,retrieval,-0.0188674999999999,-0.069795,0.0509275
43,mix_s040_c040_r020,retrieval,-0.0549225,-0.11992,0.0649975
43,mix_s040_c060_r000,retrieval,-0.1368074999999999,-0.170045,0.0332375
43,mix_s060_c000_r040,retrieval,-0.0078949999999999,-0.0274524999999999,0.0195575
43,mix_s060_c020_r020,retrieval,-0.0347099999999999,-0.0775775,0.0428675
43,mix_s060_c040_r000,retrieval,-0.0950974999999999,-0.1277025,0.032605
43,mix_s080_c000_r020,retrieval,-0.0270574999999999,-0.0352349999999999,0.0081775
43,mix_s080_c020_r000,retrieval,-0.0645824999999999,-0.0853599999999999,0.0207775
43,mix_s100_c000_r000,retrieval,-0.0430174999999999,-0.0430174999999999,0.0
43,mix_s033_c033_r033,retrieval,-0.0396499999999999,-0.1006175,0.0609675
44,mix_s000_c000_r100,sts,-1.6016165560461817e-07,-1.6016165560461817e-07,0.0
44,mix_s000_c020_r080,sts,-0.0100891070037929,-0.0370079682213355,0.0269188612175425
44,mix_s000_c040_r060,sts,-0.0513063011417372,-0.0740157762810154,0.0227094751392781
44,mix_s000_c060_r040,sts,-0.0930579664073442,-0.1110235843406953,0.017965617933351
44,mix_s000_c080_r020,sts,-0.1290608787468005,-0.1480313924003752,0.0189705136535746
44,mix_s000_c100_r000,sts,-0.1850392004600551,-0.1850392004600551,0.0
44,mix_s020_c000_r080,sts,0.0006746794625642,0.0020670331661089,-0.0013923537035447
44,mix_s020_c020_r060,sts,-0.0186074954848809,-0.0349407748935709,0.01633327940869
44,mix_s020_c040_r040,sts,-0.0646843455368219,-0.0719485829532508,0.0072642374164289
44,mix_s020_c060_r020,sts,-0.10359920181117,-0.1089563910129307,0.0053571892017607
44,mix_s020_c080_r000,sts,-0.1085417104267152,-0.1459641990726106,0.0374224886458954
44,mix_s040_c000_r060,sts,0.0007176954341528,0.0041342264938734,-0.0034165310597205
44,mix_s040_c020_r040,sts,-0.0280159995315731,-0.0328735815658064,0.0048575820342333
44,mix_s040_c040_r020,sts,-0.0583611262535299,-0.0698813896254863,0.0115202633719564
44,mix_s040_c060_r000,sts,-0.0501866501979914,-0.1068891976851662,0.0567025474871748
44,mix_s060_c000_r040,sts,-0.0009898892476688,0.0062014198216379,-0.0071913090693068
44,mix_s060_c020_r020,sts,-0.0248154049999643,-0.0308063882380419,0.0059909832380776
44,mix_s060_c040_r000,sts,-0.0170101752663356,-0.0678141962977218,0.0508040210313861
44,mix_s080_c000_r020,sts,-0.0045829594684254,0.0082686131494024,-0.0128515726178278
44,mix_s080_c020_r000,sts,-0.0019588995058081,-0.0287391949102774,0.0267802954044693
44,mix_s100_c000_r000,sts,0.0103358064771669,0.0103358064771669,0.0
44,mix_s033_c033_r033,sts,-0.051977764746695,-0.0582345180481812,0.0062567533014862
44,mix_s000_c000_r100,classification,0.0055163657894736,0.0055163657894736,0.0
44,mix_s000_c020_r080,classification,0.0064156684210526,-0.0073272889473684,0.013742957368421
44,mix_s000_c040_r060,classification,-0.0012420157894736,-0.0201709436842105,0.0189289278947368
44,mix_s000_c060_r040,classification,-0.0148808842105263,-0.0330145984210526,0.0181337142105263
44,mix_s000_c080_r020,classification,-0.0263031026315789,-0.0458582531578947,0.0195551505263158
44,mix_s000_c100_r000,classification,-0.0587019078947368,-0.0587019078947368,0.0
44,mix_s020_c000_r080,classification,0.0082322078947368,0.0034353142105263,0.0047968936842105
44,mix_s020_c020_r060,classification,0.0077163605263157,-0.0094083405263158,0.0171247010526315
44,mix_s020_c040_r040,classification,-0.0039738578947368,-0.0222519952631579,0.0182781373684211
44,mix_s020_c060_r020,classification,-0.0229512736842105,-0.03509565,0.0121443763157894
44,mix_s020_c080_r000,classification,-0.0509663026315789,-0.0479393047368421,-0.0030269978947368
44,mix_s040_c000_r060,classification,0.0100021184210526,0.0013542626315789,0.0086478557894736
44,mix_s040_c020_r040,classification,0.0063222131578947,-0.0114893921052631,0.0178116052631579
44,mix_s040_c040_r020,classification,-0.0124560710526315,-0.0243330468421052,0.0118769757894737
44,mix_s040_c060_r000,classification,-0.0361113921052631,-0.0371767015789473,0.0010653094736842
44,mix_s060_c000_r040,classification,0.0101924868421052,-0.0007267889473684,0.0109192757894736
44,mix_s060_c020_r020,classification,-0.0015183710526316,-0.0135704436842105,0.0120520726315789
44,mix_s060_c040_r000,classification,-0.0162032105263158,-0.0264140984210526,0.0102108878947368
44,mix_s080_c000_r020,classification,0.0025976078947368,-0.0028078405263158,0.0054054484210526
44,mix_s080_c020_r000,classification,-0.0076206947368421,-0.0156514952631579,0.0080308005263157
44,mix_s100_c000_r000,classification,-0.0048888921052631,-0.0048888921052631,0.0
44,mix_s033_c033_r033,classification,-0.0031775026315789,-0.0193581447368421,0.0161806421052631
44,mix_s000_c000_r100,classification_transfer,0.0087375624999999,0.0087375624999999,0.0
44,mix_s000_c020_r080,classification_transfer,0.006835375,-0.0087446375,0.0155800125
44,mix_s000_c040_r060,classification_transfer,-0.0040196249999999,-0.0262268375,0.0222072125
44,mix_s000_c060_r040,classification_transfer,-0.022384,-0.0437090375,0.0213250374999999
44,mix_s000_c080_r020,classification_transfer,-0.0373525625,-0.0611912375,0.023838675
44,mix_s000_c100_r000,classification_transfer,-0.0786734375,-0.0786734375,0.0
44,mix_s020_c000_r080,classification_transfer,0.0099613124999999,0.0057020374999999,0.0042592749999999
44,mix_s020_c020_r060,classification_transfer,0.0075401874999999,-0.0117801625,0.0193203499999999
44,mix_s020_c040_r040,classification_transfer,-0.0077633749999999,-0.0292623625,0.0214989875
44,mix_s020_c060_r020,classification_transfer,-0.03270225,-0.0467445625,0.0140423125
44,mix_s020_c080_r000,classification_transfer,-0.0681815624999999,-0.0642267625,-0.0039547999999999
44,mix_s040_c000_r060,classification_transfer,0.0119434374999999,0.0026665124999999,0.0092769249999999
44,mix_s040_c020_r040,classification_transfer,0.0058961875,-0.0148156875,0.020711875
44,mix_s040_c040_r020,classification_transfer,-0.0188595624999999,-0.0322978875,0.013438325
44,mix_s040_c060_r000,classification_transfer,-0.0485931875,-0.0497800875,0.0011869
44,mix_s060_c000_r040,classification_transfer,0.0122471874999999,-0.0003690125,0.0126162
44,mix_s060_c020_r020,classification_transfer,-0.0039374375,-0.0178512125,0.0139137749999999
44,mix_s060_c040_r000,classification_transfer,-0.02314875,-0.0353334125,0.0121846625
44,mix_s080_c000_r020,classification_transfer,0.0022930625,-0.0034045375,0.0056976
44,mix_s080_c020_r000,classification_transfer,-0.0118285,-0.0208867375,0.0090582374999999
44,mix_s100_c000_r000,classification_transfer,-0.0064400625,-0.0064400625,0.0
44,mix_s033_c033_r033,classification_transfer,-0.0065705625,-0.0254586458333333,0.0188880833333333
44,mix_s000_c000_r100,clustering,-0.05485,-0.05485,0.0
44,mix_s000_c020_r080,clustering,-0.048805,-0.063697,0.0148919999999999
44,mix_s000_c040_r060,clustering,-0.068915,-0.072544,0.0036289999999999
44,mix_s000_c060_r040,clustering,-0.076783,-0.081391,0.0046079999999999
44,mix_s000_c080_r020,clustering,-0.0826814999999999,-0.090238,0.0075565
44,mix_s000_c100_r000,clustering,-0.099085,-0.099085,0.0
44,mix_s020_c000_r080,clustering,-0.028261,-0.0540311,0.0257701
44,mix_s020_c020_r060,clustering,-0.040473,-0.0628781,0.0224050999999999
44,mix_s020_c040_r040,clustering,-0.051245,-0.0717251,0.0204801
44,mix_s020_c060_r020,clustering,-0.069191,-0.0805721,0.0113810999999999
44,mix_s020_c080_r000,clustering,-0.0717915,-0.0894191,0.0176275999999999
44,mix_s040_c000_r060,clustering,-0.0340935,-0.0532122,0.0191186999999999
44,mix_s040_c020_r040,clustering,-0.0438564999999999,-0.0620592,0.0182027
44,mix_s040_c040_r020,clustering,-0.0532075,-0.0709062,0.0176986999999999
44,mix_s040_c060_r000,clustering,-0.0571735,-0.0797532,0.0225796999999999
44,mix_s060_c000_r040,clustering,-0.038909,-0.0523933,0.0134843
44,mix_s060_c020_r020,clustering,-0.04404,-0.0612403,0.0172002999999999
44,mix_s060_c040_r000,clustering,-0.0418385,-0.0700873,0.0282488
44,mix_s080_c000_r020,clustering,-0.0455945,-0.0515744,0.0059799
44,mix_s080_c020_r000,clustering,-0.040915,-0.0604214,0.0195064
44,mix_s100_c000_r000,clustering,-0.0507555,-0.0507555,0.0
44,mix_s033_c033_r033,clustering,-0.051565,-0.0682301666666666,0.0166651666666666
44,mix_s000_c000_r100,retrieval,-0.0047724999999999,-0.0047724999999999,0.0
44,mix_s000_c020_r080,retrieval,-0.0096149999999999,-0.0527174999999999,0.0431025
44,mix_s000_c040_r060,retrieval,-0.0223674999999999,-0.1006624999999999,0.078295
44,mix_s000_c060_r040,retrieval,-0.0484324999999999,-0.1486074999999999,0.1001749999999999
44,mix_s000_c080_r020,retrieval,-0.0901224999999999,-0.1965525,0.10643
44,mix_s000_c100_r000,retrieval,-0.2444974999999999,-0.2444974999999999,0.0
44,mix_s020_c000_r080,retrieval,0.002255,-0.0124769999999999,0.0147319999999999
44,mix_s020_c020_r060,retrieval,-0.006375,-0.0604219999999999,0.0540469999999999
44,mix_s020_c040_r040,retrieval,-0.0326474999999999,-0.1083669999999999,0.0757194999999999
44,mix_s020_c060_r020,retrieval,-0.0745774999999999,-0.1563119999999999,0.0817344999999999
44,mix_s020_c080_r000,retrieval,-0.1852324999999999,-0.204257,0.0190245
44,mix_s040_c000_r060,retrieval,0.0026499999999999,-0.0201814999999999,0.0228314999999999
44,mix_s040_c020_r040,retrieval,-0.0172624999999999,-0.0681264999999999,0.0508639999999999
44,mix_s040_c040_r020,retrieval,-0.0564724999999999,-0.1160715,0.059599
44,mix_s040_c060_r000,retrieval,-0.1227325,-0.1640164999999999,0.0412839999999999
44,mix_s060_c000_r040,retrieval,-0.0067399999999999,-0.0278859999999999,0.021146
44,mix_s060_c020_r020,retrieval,-0.0332374999999999,-0.0758309999999999,0.0425934999999999
44,mix_s060_c040_r000,retrieval,-0.09484,-0.1237759999999999,0.0289359999999999
44,mix_s080_c000_r020,retrieval,-0.0247024999999999,-0.0355904999999999,0.010888
44,mix_s080_c020_r000,retrieval,-0.0656199999999999,-0.0835354999999999,0.0179155
44,mix_s100_c000_r000,retrieval,-0.0432949999999999,-0.0432949999999999,0.0
44,mix_s033_c033_r033,retrieval,-0.0329649999999999,-0.0975216666666666,0.0645566666666666
