branch,seed,AG News,sts,classification_transfer,clustering,retrieval,effective_rank,top10_eigenvalue_share,neighborhood_preservation,retrieval_margin
control,42,-0.0160526315789474,0.0134837778832155,0.0184321249999999,-0.0511455,-0.0033424999999999,40.1627960205079,-0.06822974234819411,-0.59219,-0.0036270171403884888
control,43,-0.0118421052631579,0.0129354736329264,0.0125551874999999,-0.0320855,-0.0065549999999999,35.34577941894537,-0.0637304931879043,-0.53984,-0.002863660454750089
control,44,-0.0075,0.0099717789276309,0.0094344375,-0.0220285,-0.0009175,30.500671386718807,-0.052924886345863315,-0.40164,0.0016960501670836847
mix_s000_c000_r100,42,-0.0053947368421053,0.0005660229809314,0.0068519999999999,-0.0412455,-0.0028999999999999,14.58448791503912,-0.021321535110473605,-0.30783000000000005,0.058940261602401706
mix_s000_c000_r100,43,-0.0063157894736842,0.0001275415515433,0.0081720624999999,-0.045075,-0.0041049999999999,15.173522949218807,-0.0219918340444564,-0.32496,0.059139400720596286
mix_s000_c000_r100,44,-0.0073684210526315,-1.6016165560461817e-07,0.0087375624999999,-0.05485,-0.0047724999999999,14.879852294921932,-0.021777138113975497,-0.3396300000000001,0.05920010805130008
mix_s000_c020_r080,42,0.0028947368421051,-0.0076669709057569,0.0067670624999999,-0.054048,-0.0090599999999999,7.000625610351619,0.0025683790445328036,-0.50637,0.038819029927253695
mix_s000_c020_r080,43,0.0043421052631578,-0.0105506424725964,0.0063101249999999,-0.058006,-0.0085849999999999,6.388198852539119,0.003253310918808011,-0.51373,0.03735758364200589
mix_s000_c020_r080,44,0.0047368421052631,-0.0100891070037929,0.006835375,-0.048805,-0.0096149999999999,4.916580200195369,0.007573023438453702,-0.5232300000000001,0.0387154966592789
mix_s000_c040_r060,42,0.0109210526315789,-0.0537007081930054,-0.00408875,-0.068481,-0.0228349999999999,-35.43833923339838,0.08535766601562508,-0.6801900000000001,0.007925197482109098
mix_s000_c040_r060,43,0.0121052631578947,-0.0582922910915026,-0.0066075624999999,-0.0700175,-0.0254349999999999,-39.440383911132756,0.09327191114425668,-0.68855,0.015640035271644592
mix_s000_c040_r060,44,0.0098684210526315,-0.0513063011417372,-0.0040196249999999,-0.068915,-0.0223674999999999,-35.11613464355463,0.08546969294548037,-0.68286,0.013517543673515292
mix_s000_c060_r040,42,0.0163157894736841,-0.0967168957326701,-0.0197111875,-0.072627,-0.0495674999999999,-74.44592285156244,0.1647895574569703,-0.74769,-0.01941986382007599
mix_s000_c060_r040,43,0.0172368421052631,-0.0995249202571843,-0.0237832499999999,-0.0815185,-0.0558824999999999,-77.11743164062494,0.1713769733905793,-0.7466200000000001,-0.014287784695625305
mix_s000_c060_r040,44,0.0151315789473683,-0.0930579664073442,-0.022384,-0.076783,-0.0484324999999999,-69.63613891601557,0.1561494171619416,-0.7452,-0.013261079788208008
mix_s000_c080_r020,42,0.0189473684210526,-0.1356380292121029,-0.040218125,-0.0823745,-0.0910499999999999,-112.77280426025385,0.2568683922290803,-0.79779,-0.06088800728321081
mix_s000_c080_r020,43,0.0203947368421052,-0.1265027576960345,-0.0378261875,-0.074929,-0.089375,-107.8209381103515,0.2444616258144379,-0.7871,-0.06252627074718481
mix_s000_c080_r020,44,0.0178947368421051,-0.1290608787468005,-0.0373525625,-0.0826814999999999,-0.0901224999999999,-105.88906860351557,0.23976558446884158,-0.789,-0.0529763400554657
mix_s000_c100_r000,42,0.0221052631578947,-0.1945019699866178,-0.0800894375,-0.1014235,-0.263255,-157.1353149414062,0.4013592004776002,-0.86709,-0.1730199363082648
mix_s000_c100_r000,43,0.0189473684210526,-0.194263346301172,-0.0767352499999999,-0.0948125,-0.25473,-157.97511672973627,0.40454941987991344,-0.86652,-0.1712462529540062
mix_s000_c100_r000,44,0.0211842105263156,-0.1850392004600551,-0.0786734375,-0.099085,-0.2444974999999999,-155.34504699707026,0.3938134312629701,-0.8661,-0.1716872211545706
mix_s020_c000_r080,42,-0.0015789473684211,0.0033118568574171,0.0113730625,-0.032983,0.00244,7.568801879882841,-0.008548945188522311,-0.32426999999999995,0.044229626655578586
mix_s020_c000_r080,43,-0.0003947368421053,0.0013449330064941,0.0117518124999999,-0.030637,-0.0005424999999999,7.095840454101619,-0.00807784497737879,-0.30948,0.04758712649345401
mix_s020_c000_r080,44,0.0013157894736841,0.0006746794625642,0.0099613124999999,-0.028261,0.002255,3.9696502685547443,-0.0027088373899459006,-0.30373000000000006,0.04525668919086459
mix_s020_c020_r060,42,0.0073684210526315,-0.0245579081102952,0.0089644374999999,-0.0503939999999999,-0.0114524999999999,-7.21875,0.029504939913749695,-0.5878800000000002,0.011601462960243197
mix_s020_c020_r060,43,0.008157894736842,-0.0269346507130749,0.0057473124999999,-0.0482725,-0.0137499999999999,-12.71482849121088,0.039159178733825684,-0.57174,0.015553027391433688
mix_s020_c020_r060,44,0.0084210526315788,-0.0186074954848809,0.0075401874999999,-0.040473,-0.006375,-9.844985961913977,0.03293219208717349,-0.5501499999999999,0.016419127583503695
mix_s020_c040_r040,42,0.0109210526315789,-0.0659248804716933,-0.0095950625,-0.0494705,-0.030355,-53.88676452636713,0.11970221996307381,-0.69284,-0.02452842891216281
mix_s020_c040_r040,43,0.0126315789473683,-0.0667880633332567,-0.0098175625,-0.055226,-0.0358249999999999,-54.760147094726506,0.1213257312774659,-0.69139,-0.021431162953376798
mix_s020_c040_r040,44,0.0111842105263157,-0.0646843455368219,-0.0077633749999999,-0.051245,-0.0326474999999999,-52.64538574218744,0.11687165498733529,-0.68807,-0.019646883010864313
mix_s020_c060_r020,42,0.0168421052631578,-0.106282482866082,-0.0320114375,-0.0671394999999999,-0.0750399999999999,-96.91118621826166,0.21364194154739388,-0.76397,-0.07206600904464719
mix_s020_c060_r020,43,0.0172368421052631,-0.0936593072798278,-0.034757875,-0.06367,-0.07574,-96.0635681152343,0.2114565968513489,-0.7506800000000001,-0.0739568620920181
mix_s020_c060_r020,44,0.0160526315789473,-0.10359920181117,-0.03270225,-0.069191,-0.0745774999999999,-92.25162506103511,0.2032333612442017,-0.7489,-0.0646602064371109
mix_s020_c080_r000,42,0.0188157894736841,-0.1140788669444695,-0.070174125,-0.076021,-0.1966774999999999,-143.37382125854487,0.34462451934814464,-0.82858,-0.1708883419632912
mix_s020_c080_r000,43,0.0182894736842105,-0.1111803341543258,-0.067511125,-0.077572,-0.191305,-142.7071685791015,0.34205710887908947,-0.82791,-0.1689860559999943
mix_s020_c080_r000,44,0.0178947368421051,-0.1085417104267152,-0.0681815624999999,-0.0717915,-0.1852324999999999,-142.99275588989252,0.34318822622299205,-0.82649,-0.170745924115181
mix_s033_c033_r033,42,0.0101315789473683,-0.0568593355449781,-0.007153375,-0.051466,-0.0343899999999999,-51.68557739257807,0.1122567057609559,-0.68434,-0.04110254347324371
mix_s033_c033_r033,43,0.0099999999999998,-0.0563408292098984,-0.0080644375,-0.0524965,-0.0396499999999999,-56.82041931152338,0.1227462589740754,-0.6859999999999999,-0.0386383980512619
mix_s033_c033_r033,44,0.0103947368421052,-0.051977764746695,-0.0065705625,-0.051565,-0.0329649999999999,-49.31156921386713,0.1083327531814576,-0.67257,-0.03292086720466611
mix_s040_c000_r060,42,0.0042105263157894,-0.0011112147933226,0.0128138124999999,-0.025376,-0.0010499999999999,-1.6276702880858807,0.007826581597328186,-0.38871,0.028620645403862
mix_s040_c000_r060,43,0.0043421052631578,-0.0001218515517813,0.0127016249999999,-0.03172,-0.0018549999999999,-3.436248779296818,0.011374548077583396,-0.39616000000000007,0.025729104876518194
mix_s040_c000_r060,44,0.002236842105263,0.0007176954341528,0.0119434374999999,-0.0340935,0.0026499999999999,-2.791015625,0.010195553302764893,-0.38770000000000004,0.0286394655704498
mix_s040_c020_r040,42,0.0090789473684209,-0.0314517378177022,0.0048584374999999,-0.047851,-0.0129824999999999,-26.536224365234318,0.062184095382690485,-0.6154300000000001,-0.02117043733596799
mix_s040_c020_r040,43,0.0082894736842105,-0.0310294165246756,0.0046753125,-0.0460605,-0.0188674999999999,-30.828826904296818,0.07031011581420901,-0.61162,-0.02123510837554929
mix_s040_c020_r040,44,0.0080263157894736,-0.0280159995315731,0.0058961875,-0.0438564999999999,-0.0172624999999999,-26.593887329101506,0.0626615583896637,-0.59996,-0.016295298933982905
mix_s040_c040_r020,42,0.0127631578947368,-0.0598309909699611,-0.0193089374999999,-0.0519415,-0.0534124999999999,-74.04409790039057,0.15771001577377328,-0.7117900000000001,-0.07444837689399719
mix_s040_c040_r020,43,0.0122368421052631,-0.0541774414527198,-0.0216466874999999,-0.0502045,-0.0549225,-75.05130004882807,0.16035956144332889,-0.69784,-0.0792691111564636
mix_s040_c040_r020,44,0.013157894736842,-0.0583611262535299,-0.0188595624999999,-0.0532075,-0.0564724999999999,-73.696060180664,0.15745314955711368,-0.70306,-0.06883624196052551
mix_s040_c060_r000,42,0.0160526315789473,-0.0529935166812348,-0.050705,-0.059756,-0.1333299999999999,-112.86121368408197,0.2469629645347596,-0.78461,-0.1642329171299935
mix_s040_c060_r000,43,0.0153947368421052,-0.0568067211583859,-0.0466106875,-0.0625015,-0.1368074999999999,-113.84458160400385,0.2514503598213196,-0.7877100000000001,-0.1617863960564137
mix_s040_c060_r000,44,0.0138157894736841,-0.0501866501979914,-0.0485931875,-0.0571735,-0.1227325,-114.89521026611322,0.25295114517211925,-0.78016,-0.1631065309047699
mix_s060_c000_r040,42,0.0042105263157894,-0.0030452876670034,0.0097841874999999,-0.0428495,-0.0068599999999999,-16.096008300781193,0.033791095018386896,-0.50288,-0.003675699234008789
mix_s060_c000_r040,43,0.0034210526315788,-0.0030138598147809,0.0124259374999999,-0.0380564999999999,-0.0078949999999999,-16.643844604492102,0.0334677398204804,-0.4978100000000001,-0.006368562579154996
mix_s060_c000_r040,44,0.0019736842105262,-0.0009898892476688,0.0122471874999999,-0.038909,-0.0067399999999999,-14.443191528320256,0.031366690993309104,-0.4913200000000001,-0.0005317330360413153
mix_s060_c020_r020,42,0.0105263157894736,-0.0273112870592687,-0.006679125,-0.0443975,-0.0357849999999999,-44.47917175292963,0.0948730409145356,-0.64842,-0.0681224912405014
mix_s060_c020_r020,43,0.0097368421052631,-0.0202883242559146,-0.0033581874999999,-0.039978,-0.0347099999999999,-46.32463073730463,0.0965020954608918,-0.6186,-0.06629379093647
mix_s060_c020_r020,44,0.008157894736842,-0.0248154049999643,-0.0039374375,-0.04404,-0.0332374999999999,-41.82113647460932,0.08945354819297799,-0.62771,-0.05908235907554629
mix_s060_c040_r000,42,0.0127631578947368,-0.0238986235164547,-0.02978075,-0.0388685,-0.1004624999999999,-89.91732025146479,0.1875486373901368,-0.74179,-0.15617414936423302
mix_s060_c040_r000,43,0.0121052631578947,-0.0246450635082524,-0.020199,-0.0496324999999999,-0.0950974999999999,-85.12218475341791,0.17611637711524972,-0.7462,-0.1530169397592545
mix_s060_c040_r000,44,0.011578947368421,-0.0170101752663356,-0.02314875,-0.0418385,-0.09484,-89.16043090820307,0.18497213721275338,-0.7378800000000001,-0.1532360874116421
mix_s080_c000_r020,42,0.003157894736842,-0.0068948921547747,0.0023031874999999,-0.0513649999999999,-0.0242549999999999,-28.464294433593693,0.05536711215972909,-0.5815600000000001,-0.0476036220788956
mix_s080_c000_r020,43,0.0048684210526315,0.0002411389562012,0.0018846874999999,-0.046038,-0.0270574999999999,-27.748855590820256,0.053009048104286194,-0.54949,-0.049063429236412104
mix_s080_c000_r020,44,0.0038157894736842,-0.0045829594684254,0.0022930625,-0.0455945,-0.0247024999999999,-28.708007812499943,0.05624730885028839,-0.5560700000000001,-0.04503804445266721
mix_s080_c020_r000,42,0.0096052631578946,-0.0027457939331915,-0.01278625,-0.037013,-0.0700699999999999,-57.30545043945307,0.11476707458496102,-0.6824,-0.13829994201660162
mix_s080_c020_r000,43,0.0085526315789473,-0.0028193141281371,-0.0120970625,-0.039073,-0.0645824999999999,-59.237197875976506,0.11841961741447457,-0.67275,-0.1352550238370896
mix_s080_c020_r000,44,0.0092105263157894,-0.0019588995058081,-0.0118285,-0.040915,-0.0656199999999999,-62.15359497070307,0.12290263175964358,-0.69017,-0.13984030485153198
mix_s100_c000_r000,42,0.0007894736842104,0.0086453287989681,-0.0038111875,-0.050303,-0.0365824999999999,-27.42790222167963,0.04768510162830361,-0.63016,-0.1106007844209671
mix_s100_c000_r000,43,0.0014473684210525,0.0135648905450016,-0.0043070624999999,-0.0475175,-0.0430174999999999,-28.708068847656193,0.04658281803131109,-0.61416,-0.1118039935827255
mix_s100_c000_r000,44,0.0013157894736841,0.0103358064771669,-0.0064400625,-0.0507555,-0.0432949999999999,-30.762161254882756,0.05428795516490939,-0.6214,-0.1123171672224999
