branch,seed,classification_inter_distance,classification_intra_distance,classification_margin,cosine_std,dimension,effective_rank,hubness_skew_k10,mean_cosine,neighborhood_preservation,participation_ratio,retrieval_margin,retrieval_negative_cosine,retrieval_positive_cosine,sample_size,sts_alignment,sts_mean_cosine,top10_eigenvalue_share,top_eigenvalue_share,uniformity,weight_sts,weight_classification,weight_retrieval
control,0.0,0.007591187953948975,0.03913368781407678,-0.03154249986012777,-0.013965335985024765,0.0,35.33641560872405,-0.27353842146961216,-0.037542979853848635,-0.5112233333333334,53.24874748413444,-0.001598209142684992,-0.05871135989824933,-0.06030954917271936,0.0,0.04754519462585455,-0.035479168097178104,-0.06162837396065392,-0.013732531107962135,-0.17087181409200003,,,
mix_s000_c000_r100,0.0,0.0016803741455078125,0.018000861008962032,-0.016320486863454164,-0.004855066537857097,0.0,14.879287719726648,-0.07054825958556576,-0.007798520227273335,-0.32414,18.77419982256052,0.05909325679143271,-0.07347945372263592,-0.014386177062988281,0.0,0.04189209143320721,-0.02476755777994788,-0.021696835756301824,-0.00561676981548467,-0.03901616732279489,0.0,0.0,1.0
mix_s000_c020_r080,0.0,-0.31624243656794226,-0.31231228510538733,-0.003930151462554932,0.014946751296520205,0.0,6.101801554362055,1.3428995444980056,0.15464911858240757,-0.5144433333333334,-0.8820647441027916,0.038297370076179504,-0.045256356398264586,-0.006958961486816406,0.0,0.011025895675023434,0.0138167142868042,0.00446490446726483,0.004567651078104969,0.6380008856455484,0.0,0.2,0.8
mix_s000_c040_r060,0.0,-0.5955078502496083,-0.6298164576292038,0.03430860737959546,0.04828086992104848,0.0,-36.66495259602857,2.8860211877320925,0.40378346542517346,-0.6838666666666666,-58.879315381692535,0.012360925475756318,-0.003403643767038944,0.00895734628041589,0.0,-0.06470212340354917,0.08930708964665734,0.08803309003512075,0.04013342720766866,1.6872003078460693,0.0,0.4,0.6
mix_s000_c060_r040,0.0,-0.6752611398696899,-0.7315017630656561,0.056240623195966066,0.04663029313087459,0.0,-73.73316446940095,2.514488607464944,0.546033834417661,-0.7465033333333333,-88.56868162054914,-0.015656242767969786,0.044504523277282715,0.028848270575205448,0.0,-0.11340121428171793,0.13850663105646766,0.16410531600316372,0.07257926774521674,2.247003714243571,0.0,0.6,0.4
mix_s000_c080_r020,0.0,-0.6923262973626454,-0.7723133241136869,0.07998702675104144,0.028164543211460058,0.0,-108.82760365804027,1.9563271461303484,0.6418518175681431,-0.7912966666666666,-107.35804758177085,-0.058796872695287106,0.10488778352737427,0.04609094063440955,0.0,-0.15035671989123028,0.18001566330591834,0.24703186750411996,0.11803306701282662,2.597142815589905,0.0,0.8,0.2
mix_s000_c100_r000,0.0,-0.7252406428257625,-0.8086764588952065,0.08343581606944403,-0.007589273154735593,0.0,-156.8184928894042,0.9348815185524326,0.7756686757008235,-0.8665700000000001,-123.04562795573753,-0.1719844701389472,0.21708106994628906,0.04509665568669641,0.0,-0.20094204942385352,0.24942737817764282,0.39990735054016124,0.2256605383008719,3.083504021167755,0.0,1.0,0.0
mix_s020_c000_r080,0.0,-0.02896249294281006,-0.021426041920979855,-0.007536451021830259,0.0008802687128384584,0.0,6.211430867513116,-0.04796195645348256,0.02157903711001076,-0.3124933333333333,6.4891577832985945,0.04569114744663241,-0.05994732181231183,-0.014256139596303341,0.0,-0.003120740254719978,0.018405278523763058,-0.006445209185282352,-0.0027936293433110035,0.08670457204182913,0.2,0.0,0.8
mix_s020_c020_r060,0.0,-0.4417998790740967,-0.44446828961372375,0.002668410539627075,0.023294704655806214,0.0,-9.926188151041572,2.1540583132751285,0.2808908571799596,-0.5699233333333333,-22.909146723846177,0.014524539311726842,-0.005419095357259152,0.009105483690897587,0.0,-0.07058473428090414,0.10366062323252356,0.03386543691158295,0.01382173163195453,1.153990586598714,0.2,0.2,0.6
mix_s020_c040_r040,0.0,-0.6283004383246105,-0.6680044233798982,0.03970398505528769,0.028210682173569965,0.0,-53.764099121093665,2.791075303327413,0.5127482960621517,-0.6907666666666668,-73.55463837342336,-0.021868824958801325,0.06737959384918213,0.04551078875859582,0.0,-0.1432424535353978,0.18628686666488647,0.11929986874262502,0.053696595753232615,2.083555420239766,0.2,0.4,0.4
mix_s020_c060_r020,0.0,-0.6921405990918477,-0.7517519916097324,0.05961139251788458,0.009947811563809694,0.0,-95.075459798177,2.2895661728072056,0.6557659457127254,-0.7545166666666667,-101.44158039301789,-0.07022769252459204,0.1483592391014099,0.07813151677449548,0.0,-0.18918633212645847,0.24048815170923865,0.2094439665476482,0.10156396590173247,2.6262024243672686,0.2,0.6,0.2
mix_s020_c080_r000,0.0,-0.7089948604504268,-0.792738288640976,0.08374342819054922,-0.01703700174887976,0.0,-143.0245819091796,1.2093817450015625,0.7709022512038548,-0.82766,-119.92300769461646,-0.1702067740261555,0.2659092346827189,0.09570252895355225,0.0,-0.22135639811555544,0.2788204550743103,0.3432899514834087,0.19225512010355797,3.054761509100596,0.2,0.8,0.0
mix_s033_c033_r033,0.0,-0.6351633568604786,-0.6651467829942704,0.02998342613379161,0.01706123103698093,0.0,-52.60585530598951,2.7252890948328066,0.5414279252290726,-0.6809700000000001,-71.9204040813824,-0.03755393624305725,0.09812138477961219,0.06056751807530725,0.0,-0.15934331715106964,0.2034096121788025,0.1144452393054963,0.053096714739998205,2.180486559867859,0.3333333333333333,0.3333333333333333,0.3333333333333333
mix_s040_c000_r060,0.0,-0.11446738243103027,-0.10982096195220947,-0.004646420478820801,0.009425779183705602,0.0,-2.6183115641275094,0.25539050562088406,0.09453681111335752,-0.39085666666666674,-5.454035104641832,0.027663071950276646,-0.03645948568979901,-0.008796393871307373,0.0,-0.04260670642058048,0.0633948644002279,0.009798894325892149,-9.059471388656731e-05,0.39044491449991847,0.4,0.0,0.6
mix_s040_c020_r040,0.0,-0.5511766970157623,-0.5532205402851105,0.0020438432693481445,0.017848139007886232,0.0,-27.986312866210852,2.6390576479385413,0.432234729329745,-0.6090033333333333,-42.92479014597532,-0.019566948215166746,0.06520285209019983,0.04563593864440918,0.0,-0.13291378815968827,0.17190476258595788,0.06505192319552108,0.024170001968741427,1.746891101201375,0.4,0.2,0.4
mix_s040_c040_r020,0.0,-0.6721907158692677,-0.7134909878174465,0.04130027194817862,0.001550766328970582,0.0,-74.26381937662751,2.6749180722424963,0.631158784031868,-0.7042300000000001,-89.09729417601551,-0.07418457667032877,0.16479102770487464,0.09060649077097571,0.0,-0.18845949073632556,0.23635675509770715,0.1585075755914053,0.07610091132422286,2.517379562060038,0.4,0.4,0.2
mix_s040_c060_r000,0.0,-0.7058787047863007,-0.7698256522417068,0.06394694745540622,-0.022473615904649136,0.0,-113.86700185139965,2.0515566162771774,0.7454878240823746,-0.7841600000000001,-110.80988132533291,-0.16304194803039238,0.26664803425470984,0.10360614458719886,0.0,-0.21725430463751158,0.2689454356829325,0.25045482317606615,0.1358116523673137,2.948228935400645,0.4,0.6,0.0
mix_s060_c000_r040,0.0,-0.2825056711832682,-0.27014046907424927,-0.012365202109018966,0.01743789265553153,0.0,-15.727681477864508,1.1479926527387254,0.25605991979440057,-0.49733666666666665,-21.105711833281518,-0.003525331616401728,0.02414649724960327,0.020621200402577755,0.0,-0.09942224125067395,0.12882393598556519,0.032875175277392144,0.0037215010573466677,1.0460234483083086,0.6,0.0,0.4
mix_s060_c020_r020,0.0,-0.6314090987046559,-0.6344216267267864,0.0030125280221303535,-0.001247738798459408,0.0,-44.208312988281165,2.9163983737219388,0.5641611566146214,-0.6315766666666667,-60.26902168385031,-0.06449954708417258,0.1509976784388224,0.0864982008934021,0.0,-0.17531833052635193,0.2180667519569397,0.09360956152280178,0.0389058397461971,2.2465802033742266,0.6,0.2,0.2
mix_s060_c040_r000,0.0,-0.684795578320821,-0.7332472999890646,0.04845172166824341,-0.02263375620047256,0.0,-88.0666453043619,2.539786974624846,0.7032194485267003,-0.7419566666666666,-98.70691658332026,-0.15414239217837652,0.2491269508997599,0.09498465061187744,0.0,-0.20771946509679162,0.25396190087000514,0.18287905057271328,0.0974502718696992,2.7793118556340533,0.6,0.4,0.0
mix_s080_c000_r020,0.0,-0.46509677171707153,-0.4389014045397441,-0.02619536717732749,0.008697507282098102,0.0,-28.307052612304602,1.9064135550942323,0.4502440243959427,-0.5623733333333334,-34.116261418032906,-0.047235031922658294,0.11225342750549316,0.0650184154510498,0.0,-0.1559962506095568,0.19423788785934448,0.05487448970476788,0.007319215064247469,1.805537700653076,0.8,0.0,0.2
mix_s080_c020_r000,0.0,-0.6594173808892568,-0.6764230976502101,0.017005716760953263,-0.02298097809155783,0.0,-59.56541442871085,3.062351628110907,0.6514730403820674,-0.6817733333333333,-76.27931568431126,-0.13779842356840774,0.2257564663887024,0.08795805772145593,0.0,-0.19786470631758368,0.2400235732396444,0.11869644125302639,0.05879792384803301,2.572209556897481,0.8,0.2,0.0
mix_s100_c000_r000,0.0,-0.6050875087579093,-0.560900906721751,-0.04418660203615823,-0.019000038504600525,0.0,-28.966044108072822,2.989766048260421,0.5889965047438939,-0.6219066666666668,-32.58360457683462,-0.11157398174206416,0.20776355266571045,0.09618959824244178,0.0,-0.18573608994483942,0.22480144103368127,0.04951862494150802,0.008045936003327401,2.326305588086446,1.0,0.0,0.0
