model,seed,branch,step,fraction,sample_size,dimension,mean_cosine,cosine_std,uniformity,effective_rank,participation_ratio,top_eigenvalue_share,top10_eigenvalue_share,hubness_skew_k10,neighborhood_preservation
all_minilm,42,classification,0,0.0,10000.0,384.0,0.0430512838065624,0.0865215584635734,-3.7631335258483887,203.61087036132807,134.13811289384162,0.0300876442342996,0.181974172592163,1.6685527377486646,1.0
all_minilm,42,classification,68,0.25,10000.0,384.0,0.7167374491691589,0.0870786309242248,-1.0775997638702393,108.86470794677734,32.48541664108521,0.1372357010841369,0.385498046875,3.5503219252245386,0.20713
all_minilm,42,classification,135,0.5,10000.0,384.0,0.8041365742683411,0.0763770937919616,-0.7406548261642456,58.72608947753906,14.477015607670513,0.2138228714466095,0.5340325832366943,2.788586744423762,0.15706
all_minilm,42,classification,270,1.0,10000.0,384.0,0.8100769519805908,0.0819474309682846,-0.7109525203704834,45.75993728637695,10.805036024368032,0.2612709999084472,0.5858566164970398,2.629460971071856,0.13479
all_minilm,42,control,0,0.0,10000.0,384.0,0.0430512838065624,0.0865215584635734,-3.7631335258483887,203.61087036132807,134.13811289384162,0.0300876442342996,0.181974172592163,1.6685527377486646,1.0
all_minilm,42,control,68,0.25,10000.0,384.0,0.0069412682205438,0.0723945647478103,-3.928481578826904,239.1791534423828,187.884206284598,0.0160304047167301,0.119484543800354,1.4144750501251755,0.53508
all_minilm,42,control,135,0.5,10000.0,384.0,0.0040357545949518,0.0711838155984878,-3.9417335987091056,242.5692443847656,193.9715944184951,0.0146163422614336,0.1125185042619705,1.2519601752024927,0.4870799999999999
all_minilm,42,control,270,1.0,10000.0,384.0,0.0033106468617916,0.0708851441740989,-3.9450416564941406,243.43283081054688,195.85063654939205,0.0138887166976928,0.1098730191588401,1.2002912818005622,0.4542
all_minilm,42,retrieval,0,0.0,10000.0,384.0,0.0430512838065624,0.0865215584635734,-3.7631335258483887,203.61087036132807,134.13811289384162,0.0300876442342996,0.181974172592163,1.6685527377486646,1.0
all_minilm,42,retrieval,68,0.25,10000.0,384.0,0.0410448871552944,0.0842149555683136,-3.775132656097412,211.7587738037109,143.561728348747,0.0264852903783321,0.1716741621494293,1.537948945981289,0.766
all_minilm,42,retrieval,135,0.5,10000.0,384.0,0.0398562029004097,0.082821100950241,-3.782107591629028,215.84332275390625,149.03381908394428,0.0251201391220092,0.1650849431753158,1.5908174415015797,0.69539
all_minilm,42,retrieval,270,1.0,10000.0,384.0,0.036109872162342,0.081441231071949,-3.7991280555725098,219.2616729736328,153.87035527415375,0.0241656526923179,0.1592578142881393,1.6121799039338378,0.67385
all_minilm,42,sts,0,0.0,10000.0,384.0,0.0430512838065624,0.0865215584635734,-3.7631335258483887,203.61087036132807,134.13811289384162,0.0300876442342996,0.181974172592163,1.6685527377486646,1.0
all_minilm,42,sts,68,0.25,10000.0,384.0,0.2225141823291778,0.1007396951317787,-3.0258026123046875,178.94677734375,103.22904834958048,0.0390990637242794,0.230095088481903,2.2262706787358963,0.56501
all_minilm,42,sts,135,0.5,10000.0,384.0,0.5969304442405701,0.0796965286135673,-1.5640724897384644,164.67398071289062,90.22047907036765,0.042109441012144,0.2539794743061065,3.873929648990273,0.37851
all_minilm,42,sts,270,1.0,10000.0,384.0,0.6283057928085327,0.0686885342001915,-1.4507184028625488,172.20603942871094,98.88582761196778,0.0390584841370582,0.2360858023166656,4.107162015927619,0.38254
all_minilm,43,classification,0,0.0,10000.0,384.0,0.04233193770051,0.0864267647266388,-3.7660415172576895,203.61087036132807,134.13811289384162,0.0300876442342996,0.181974172592163,1.6685527377486646,1.0
all_minilm,43,classification,68,0.25,10000.0,384.0,0.7168829441070557,0.0881659537553787,-1.07574200630188,105.93983459472656,30.71497169227712,0.1443026512861251,0.3925221860408783,3.6206505255014942,0.2051599999999999
all_minilm,43,classification,135,0.5,10000.0,384.0,0.8029329776763916,0.0779197365045547,-0.7438523173332214,59.59235382080078,14.750270390389376,0.212385892868042,0.5320228338241577,2.731389166031845,0.15752
all_minilm,43,classification,270,1.0,10000.0,384.0,0.8063735365867615,0.0817781463265419,-0.7256742119789124,46.75367736816406,11.278732746521603,0.2507103085517883,0.5835384130477905,2.5111719676660265,0.13574
all_minilm,43,control,0,0.0,10000.0,384.0,0.04233193770051,0.0864267647266388,-3.7660415172576895,203.61087036132807,134.13811289384162,0.0300876442342996,0.181974172592163,1.6685527377486646,1.0
all_minilm,43,control,68,0.25,10000.0,384.0,0.0081108249723911,0.0737587958574295,-3.921961545944214,234.44435119628903,180.66702956941523,0.0178290605545043,0.1267966479063034,1.3367516532804258,0.55512
all_minilm,43,control,135,0.5,10000.0,384.0,0.007210501935333,0.0722649842500686,-3.927645683288574,239.56793212890625,188.5842528607351,0.0161972399801015,0.1183110699057579,1.4152953823940206,0.46287
all_minilm,43,control,270,1.0,10000.0,384.0,0.0049188006669282,0.0716207697987556,-3.937665939331055,241.22108459472656,191.50494630331963,0.015229532495141,0.115148477256298,1.346779823199446,0.44319
all_minilm,43,retrieval,0,0.0,10000.0,384.0,0.04233193770051,0.0864267647266388,-3.7660415172576895,203.61087036132807,134.13811289384162,0.0300876442342996,0.181974172592163,1.6685527377486646,1.0
all_minilm,43,retrieval,68,0.25,10000.0,384.0,0.0358570255339145,0.0830250531435012,-3.797527313232422,213.7801818847656,146.38492428765275,0.0263356175273656,0.1679559797048568,1.5242906268054135,0.7453
all_minilm,43,retrieval,135,0.5,10000.0,384.0,0.0369572639465332,0.0827833786606788,-3.7935845851898193,215.7657165527344,148.6942496917409,0.0255916267633438,0.1655907332897186,1.5775125877933478,0.7047
all_minilm,43,retrieval,270,1.0,10000.0,384.0,0.0344170667231082,0.0814808160066604,-3.8056893348693848,218.7863922119141,153.14997183060947,0.0244254767894744,0.1600866168737411,1.6286472980631843,0.68095
all_minilm,43,sts,0,0.0,10000.0,384.0,0.04233193770051,0.0864267647266388,-3.7660415172576895,203.61087036132807,134.13811289384162,0.0300876442342996,0.181974172592163,1.6685527377486646,1.0
all_minilm,43,sts,68,0.25,10000.0,384.0,0.2191616743803024,0.1007199361920356,-3.038952350616455,179.7890625,104.57845286781244,0.0387509055435657,0.2269465774297714,2.498252424759214,0.55302
all_minilm,43,sts,135,0.5,10000.0,384.0,0.6200417876243591,0.0753813832998275,-1.4763851165771484,165.45509338378906,91.058016753445,0.0414880998432636,0.2516766786575317,4.8361177118304655,0.3643999999999999
all_minilm,43,sts,270,1.0,10000.0,384.0,0.6452285051345825,0.0655264556407928,-1.3861041069030762,173.09854125976562,100.61113286172908,0.0380532331764698,0.2325771600008011,4.9692734144319886,0.37582
all_minilm,44,classification,0,0.0,10000.0,384.0,0.0422806441783905,0.0861261412501335,-3.76702880859375,203.61087036132807,134.13811289384162,0.0300876442342996,0.181974172592163,1.6685527377486646,1.0
all_minilm,44,classification,68,0.25,10000.0,384.0,0.717319667339325,0.0871545299887657,-1.0754181146621704,107.86732482910156,30.73957449882375,0.1452434360980987,0.3876127898693084,3.543341548287639,0.20274
all_minilm,44,classification,135,0.5,10000.0,384.0,0.8131117224693298,0.0750073790550232,-0.7064155340194702,58.36343002319336,14.084313863494067,0.2197706401348114,0.5342788100242615,2.725113377495785,0.15661
all_minilm,44,classification,270,1.0,10000.0,384.0,0.8099676370620728,0.0819040313363075,-0.7113597989082336,45.92147445678711,10.831497951193112,0.2595508396625519,0.584882378578186,2.5502725702820586,0.13688
all_minilm,44,control,0,0.0,10000.0,384.0,0.0422806441783905,0.0861261412501335,-3.76702880859375,203.61087036132807,134.13811289384162,0.0300876442342996,0.181974172592163,1.6685527377486646,1.0
all_minilm,44,control,68,0.25,10000.0,384.0,0.0072073559276759,0.0762784704566001,-3.9220800399780273,226.76223754882807,167.67551889125772,0.0210298541933298,0.1416149586439132,1.412023424977469,0.67416
all_minilm,44,control,135,0.5,10000.0,384.0,0.00584910903126,0.0740911960601806,-3.930601119995117,233.03976440429688,177.51440817700646,0.0187404006719589,0.1311696171760559,1.4146117986952835,0.60161
all_minilm,44,control,270,1.0,10000.0,384.0,0.0042611891403794,0.0732727795839309,-3.938084125518799,235.6376037597656,181.4466161857146,0.0178875885903835,0.1273160278797149,1.4221470140572494,0.56445
all_minilm,44,retrieval,0,0.0,10000.0,384.0,0.0422806441783905,0.0861261412501335,-3.76702880859375,203.61087036132807,134.13811289384162,0.0300876442342996,0.181974172592163,1.6685527377486646,1.0
all_minilm,44,retrieval,68,0.25,10000.0,384.0,0.0381023809313774,0.0829473584890365,-3.788914203643799,213.38592529296875,146.25869198742737,0.0262577682733535,0.1677817702293396,1.5632707682353473,0.7793899999999999
all_minilm,44,retrieval,135,0.5,10000.0,384.0,0.0359324589371681,0.0819705799221992,-3.799100399017334,216.38381958007807,150.0976208609111,0.025290098041296,0.1634115278720855,1.5814121907565586,0.70398
all_minilm,44,retrieval,270,1.0,10000.0,384.0,0.034963846206665,0.0812385529279708,-3.8040413856506343,218.7919006347656,153.0953664373856,0.0245941951870918,0.1602546721696853,1.6086200871704188,0.6733600000000001
all_minilm,44,sts,0,0.0,10000.0,384.0,0.0422806441783905,0.0861261412501335,-3.76702880859375,203.61087036132807,134.13811289384162,0.0300876442342996,0.181974172592163,1.6685527377486646,1.0
all_minilm,44,sts,68,0.25,10000.0,384.0,0.2105625718832016,0.0976533889770507,-3.0787079334259038,184.12533569335935,108.69055245277406,0.0374277532100677,0.2206878513097763,2.1611750728570565,0.54703
all_minilm,44,sts,135,0.5,10000.0,384.0,0.6093827486038208,0.0761675089597702,-1.5184173583984375,169.5447998046875,94.73743614479676,0.0403204932808876,0.2450353652238845,4.456711856207787,0.35822
all_minilm,44,sts,270,1.0,10000.0,384.0,0.6297309994697571,0.0662191361188888,-1.4474163055419922,176.79791259765625,103.8436872723982,0.0370972380042076,0.227591797709465,4.7590155639829845,0.37377
raw_minilm,42,classification,0,0.0,10000.0,384.0,0.0232684668153524,0.1299644559621811,-3.762267827987671,101.5591812133789,58.16110725474498,0.0534304492175579,0.3137886524200439,0.9208225148854536,1.0
raw_minilm,42,classification,68,0.25,10000.0,384.0,0.8638197779655457,0.0694450810551643,-0.5095698237419128,22.237253189086918,6.523186858104328,0.3442742526531219,0.7091913223266602,1.9807056272546528,0.14467
raw_minilm,42,classification,135,0.5,10000.0,384.0,0.8577749729156494,0.0777905955910682,-0.5248640775680542,16.46070098876953,5.261612694388512,0.3852027058601379,0.7666170597076416,1.8385451122273064,0.1273
raw_minilm,42,classification,270,1.0,10000.0,384.0,0.8562639355659485,0.0880316346883773,-0.5201129913330078,13.820038795471191,4.656995150458588,0.4141339361667633,0.7951542139053345,1.7990854550434532,0.11022
raw_minilm,42,control,0,0.0,10000.0,384.0,0.0232684668153524,0.1299644559621811,-3.762267827987671,101.5591812133789,58.16110725474498,0.0534304492175579,0.3137886524200439,0.9208225148854536,1.0
raw_minilm,42,control,68,0.25,10000.0,384.0,0.0340828970074653,0.1258579641580581,-3.7294440269470215,110.2572250366211,64.18081745345759,0.0486018881201744,0.2959047257900238,1.1383306465036196,0.7041299999999999
raw_minilm,42,control,135,0.5,10000.0,384.0,0.018988037481904,0.1203958392143249,-3.801374673843384,116.89913940429688,69.04532779863874,0.0457439273595809,0.2808095514774322,1.103003227250806,0.6264700000000001
raw_minilm,42,control,270,1.0,10000.0,384.0,0.0115602379664778,0.1173752769827842,-3.8370518684387207,120.43962860107422,72.62237364283062,0.0427095890045166,0.2675024271011352,1.0428413145174018,0.60752
raw_minilm,42,retrieval,0,0.0,10000.0,384.0,0.0232684668153524,0.1299644559621811,-3.762267827987671,101.5591812133789,58.16110725474498,0.0534304492175579,0.3137886524200439,0.9208225148854536,1.0
raw_minilm,42,retrieval,68,0.25,10000.0,384.0,0.1307688355445861,0.1277025640010833,-3.3388473987579346,95.63320922851562,55.78075301717752,0.0461310297250747,0.3307090699672699,1.4593754831314525,0.28355
raw_minilm,42,retrieval,135,0.5,10000.0,384.0,0.1003997102379798,0.1293026655912399,-3.45717453956604,98.16262817382812,57.510069958517946,0.0483371317386627,0.3231903910636902,1.3861102433703123,0.26242
raw_minilm,42,retrieval,270,1.0,10000.0,384.0,0.0961074903607368,0.1299512237310409,-3.473285675048828,99.45574951171876,58.81214959634772,0.0452721379697322,0.3176739811897278,1.4648176430361657,0.24423
raw_minilm,42,sts,0,0.0,10000.0,384.0,0.0232684668153524,0.1299644559621811,-3.762267827987671,101.5591812133789,58.16110725474498,0.0534304492175579,0.3137886524200439,0.9208225148854536,1.0
raw_minilm,42,sts,68,0.25,10000.0,384.0,0.7594482898712158,0.0552127622067928,-0.9386194944381714,93.30843353271484,52.82733435576522,0.0532424673438072,0.3456668853759765,2.6734999538889386,0.30956
raw_minilm,42,sts,135,0.5,10000.0,384.0,0.7098573446273804,0.0635745823383331,-1.1293613910675049,95.5662078857422,54.76158711514482,0.0489453375339508,0.3403857946395874,2.557283606987772,0.30056
raw_minilm,42,sts,270,1.0,10000.0,384.0,0.6935056447982788,0.0652278214693069,-1.1931170225143433,97.7636489868164,55.87925527671737,0.0488483421504497,0.3366249203681946,2.5189348649916234,0.29791
raw_minilm,43,classification,0,0.0,10000.0,384.0,0.0211463775485754,0.1308811008930206,-3.768124103546143,99.05516052246094,56.83560150123581,0.0528504401445388,0.3199869692325592,0.9203791450957052,1.0
raw_minilm,43,classification,68,0.25,10000.0,384.0,0.845995306968689,0.0796663165092468,-0.5707017183303833,21.825672149658203,6.2717837579977695,0.3648165464401245,0.7129462361335754,1.9137416878793336,0.1477
raw_minilm,43,classification,135,0.5,10000.0,384.0,0.8583618998527527,0.0786660686135292,-0.5217252373695374,16.91750717163086,5.40911511485416,0.3816283345222473,0.7633278369903564,1.8099730742911744,0.12333
raw_minilm,43,classification,270,1.0,10000.0,384.0,0.8511929512023926,0.0864837020635604,-0.5414291620254517,13.926454544067385,4.766494751684534,0.4061527550220489,0.7961001396179199,1.6714581356370997,0.10805
raw_minilm,43,control,0,0.0,10000.0,384.0,0.0211463775485754,0.1308811008930206,-3.768124103546143,99.05516052246094,56.83560150123581,0.0528504401445388,0.3199869692325592,0.9203791450957052,1.0
raw_minilm,43,control,68,0.25,10000.0,384.0,0.0199436172842979,0.1250588595867157,-3.78696608543396,107.3462142944336,62.23216295448252,0.0479878410696983,0.3032667338848114,1.0488344774159104,0.69152
raw_minilm,43,control,135,0.5,10000.0,384.0,0.0127008873969316,0.1212697997689247,-3.823965311050415,113.9483642578125,67.49734634111991,0.0451959371566772,0.2842674553394317,1.0984185097071175,0.64196
raw_minilm,43,control,270,1.0,10000.0,384.0,0.0130433812737464,0.1187739819288253,-3.827935934066773,117.48197174072266,70.69847750712285,0.0431695468723773,0.2725769579410553,1.1182515343475794,0.61149
raw_minilm,43,retrieval,0,0.0,10000.0,384.0,0.0211463775485754,0.1308811008930206,-3.768124103546143,99.05516052246094,56.83560150123581,0.0528504401445388,0.3199869692325592,0.9203791450957052,1.0
raw_minilm,43,retrieval,68,0.25,10000.0,384.0,0.1130587086081504,0.1272458136081695,-3.409396886825561,94.90015411376952,55.09618974663157,0.0476750507950782,0.3338609933853149,1.4281201379329351,0.28284
raw_minilm,43,retrieval,135,0.5,10000.0,384.0,0.1093238741159439,0.1310302913188934,-3.417125701904297,96.44920349121094,56.1647367782135,0.0484193488955497,0.3276734054088592,1.5502648984415082,0.26582
raw_minilm,43,retrieval,270,1.0,10000.0,384.0,0.0890571698546409,0.1290691941976547,-3.5022244453430176,98.93663024902344,58.60263839739907,0.0447247102856636,0.3184758424758911,1.4014207943932369,0.25959
raw_minilm,43,sts,0,0.0,10000.0,384.0,0.0211463775485754,0.1308811008930206,-3.768124103546143,99.05516052246094,56.83560150123581,0.0528504401445388,0.3199869692325592,0.9203791450957052,1.0
raw_minilm,43,sts,68,0.25,10000.0,384.0,0.7499969005584717,0.0567334406077861,-0.975056767463684,88.46845245361328,49.56632105777346,0.0542302392423152,0.3655670881271362,2.846270654702609,0.31565
raw_minilm,43,sts,135,0.5,10000.0,384.0,0.729252815246582,0.0599959641695022,-1.0551153421401978,92.04852294921876,51.93767707147232,0.0514665283262729,0.3553141951560974,2.6350094975694023,0.28971
raw_minilm,43,sts,270,1.0,10000.0,384.0,0.6939411163330078,0.0666499957442283,-1.1899584531784058,94.17263793945312,53.35282026289297,0.0516071431338787,0.3478448987007141,2.4461311266491887,0.29031
raw_minilm,44,classification,0,0.0,10000.0,384.0,0.0244144238531589,0.1303088366985321,-3.757115364074707,100.60334777832033,57.49640370077511,0.0526368208229541,0.3192436695098877,0.9562396385883974,1.0
raw_minilm,44,classification,68,0.25,10000.0,384.0,0.8596048951148987,0.074811078608036,-0.5211640000343323,22.496551513671875,6.750955138617469,0.3404234647750854,0.7117353081703186,1.918841476337682,0.14171
raw_minilm,44,classification,135,0.5,10000.0,384.0,0.8665986061096191,0.0749300718307495,-0.4930125176906585,16.932544708251953,5.335107705354846,0.3873317837715149,0.7611422538757324,1.847185219582195,0.1209599999999999
raw_minilm,44,classification,270,1.0,10000.0,384.0,0.8564971089363098,0.0854007303714752,-0.521676778793335,13.467768669128418,4.620103837103571,0.4133892655372619,0.8013904094696045,1.705969079077129,0.10394
raw_minilm,44,control,0,0.0,10000.0,384.0,0.0244144238531589,0.1303088366985321,-3.757115364074707,100.60334777832033,57.49640370077511,0.0526368208229541,0.3192436695098877,0.9562396385883974,1.0
raw_minilm,44,control,68,0.25,10000.0,384.0,0.024442920461297,0.1261361539363861,-3.766548156738281,107.12173461914062,61.92549948208412,0.0498895049095153,0.3033082783222198,1.0578217928913134,0.74255
raw_minilm,44,control,135,0.5,10000.0,384.0,0.0211637057363986,0.121742770075798,-3.789684772491455,112.49739074707033,66.10517067764701,0.0448685809969902,0.2891121208667755,1.046632417954548,0.6541899999999999
raw_minilm,44,control,270,1.0,10000.0,384.0,0.0122890165075659,0.1189185380935669,-3.830998182296753,116.36618041992188,69.662969950506,0.0419776476919651,0.2767705619335174,1.0719604786019867,0.6086699999999999
raw_minilm,44,retrieval,0,0.0,10000.0,384.0,0.0244144238531589,0.1303088366985321,-3.757115364074707,100.60334777832033,57.49640370077511,0.0526368208229541,0.3192436695098877,0.9562396385883974,1.0
raw_minilm,44,retrieval,68,0.25,10000.0,384.0,0.1144549697637558,0.1264654397964477,-3.406788825988769,95.81771087646484,55.77125041379995,0.0489609390497207,0.3297311961650848,1.4773293392357711,0.26073
raw_minilm,44,retrieval,135,0.5,10000.0,384.0,0.0961171463131904,0.1309838891029358,-3.470910787582397,96.69123077392578,56.55912519416398,0.0478954352438449,0.3266453146934509,1.43510112267222,0.2427
raw_minilm,44,retrieval,270,1.0,10000.0,384.0,0.0844378843903541,0.1290499567985534,-3.521446466445923,98.583251953125,58.252071752492895,0.045276965945959,0.318783164024353,1.4657373777860083,0.24485
raw_minilm,44,sts,0,0.0,10000.0,384.0,0.0244144238531589,0.1303088366985321,-3.757115364074707,100.60334777832033,57.49640370077511,0.0526368208229541,0.3192436695098877,0.9562396385883974,1.0
raw_minilm,44,sts,68,0.25,10000.0,384.0,0.7730966210365295,0.0525627583265304,-0.8861844539642334,89.77052307128906,50.60972990107033,0.0529007650911808,0.3572354912757873,2.480690974672552,0.30837
raw_minilm,44,sts,135,0.5,10000.0,384.0,0.7018022537231445,0.0632223337888717,-1.1619242429733276,99.07561492919922,56.6217163291656,0.0491838492453098,0.3320630192756653,2.4609691930685966,0.3180699999999999
raw_minilm,44,sts,270,1.0,10000.0,384.0,0.6936448216438293,0.0643580332398414,-1.1933887004852295,98.0692367553711,56.42859998262459,0.0478627383708953,0.3344520330429077,2.5032000674573616,0.3085
